method,run,target,iteration,train_rmse
XGBBaseline,1,Thickness,1,2272.932710232308
XGBBaseline,1,Thickness,49,828.4378050111987
XGBBaseline,1,Thickness,97,423.54596757247083
XGBBaseline,1,Thickness,146,284.2137340565446
XGBBaseline,1,Thickness,194,233.6928882315498
XGBBaseline,1,Thickness,242,206.30959594754808
XGBBaseline,1,Thickness,290,190.01685284018313
XGBBaseline,1,Thickness,339,180.79853777572663
XGBBaseline,1,Thickness,387,173.7854219211746
XGBBaseline,1,Thickness,435,169.51932049243797
XGBBaseline,1,Thickness,483,166.64707535542874
XGBBaseline,1,Thickness,532,164.6856729065741
XGBBaseline,1,Thickness,580,162.90820395913377
XGBBaseline,1,Thickness,628,161.55981057485522
XGBBaseline,1,Thickness,676,160.63872751764907
XGBBaseline,1,Thickness,725,159.93963341490402
XGBBaseline,1,Thickness,773,159.4191920839074
XGBBaseline,1,Thickness,821,158.9809928729964
XGBBaseline,1,Thickness,869,158.69360793843197
XGBBaseline,1,Thickness,917,158.41953774088825
XGBBaseline,1,Thickness,966,158.36017084178553
XGBBaseline,1,Thickness,1014,158.1088409339419
XGBBaseline,1,Thickness,1062,158.06245599815693
XGBBaseline,1,Thickness,1110,157.9249837950282
XGBBaseline,1,Thickness,1159,157.85180052743974
XGBBaseline,1,MAX,7,2080.9155777171886
XGBBaseline,1,MAX,55,766.0905025433417
XGBBaseline,1,MAX,103,401.35183192804976
XGBBaseline,1,MAX,152,279.77364785812057
XGBBaseline,1,MAX,200,234.67516283938286
XGBBaseline,1,MAX,248,209.98301278237494
XGBBaseline,1,MAX,296,194.1804144575917
XGBBaseline,1,MAX,345,184.44088211386665
XGBBaseline,1,MAX,393,177.72556538212427
XGBBaseline,1,MAX,441,173.32909334965257
XGBBaseline,1,MAX,489,169.96552616532668
XGBBaseline,1,MAX,538,168.0046155081398
XGBBaseline,1,MAX,586,166.3539430503009
XGBBaseline,1,MAX,634,165.18541495068985
XGBBaseline,1,MAX,682,164.31597686616357
XGBBaseline,1,MAX,730,163.70931663343748
XGBBaseline,1,MAX,779,163.18290454778278
XGBBaseline,1,MAX,827,162.84398732744688
XGBBaseline,1,MAX,875,162.6205407639371
XGBBaseline,1,MAX,923,162.82703074914977
XGBBaseline,1,MAX,972,162.17854973210424
XGBBaseline,1,MAX,1020,162.0953902911107
XGBBaseline,1,MAX,1068,161.98894689707495
XGBBaseline,1,MAX,1116,161.8614461153415
XGBBaseline,1,MAX,1165,161.84592876534762
XGBBaseline,1,MIN,13,1658.4848716637275
XGBBaseline,1,MIN,61,664.4185285204785
XGBBaseline,1,MIN,109,374.22817081937274
XGBBaseline,1,MIN,158,268.82298336561036
XGBBaseline,1,MIN,206,228.5944405599585
XGBBaseline,1,MIN,254,204.7030396550285
XGBBaseline,1,MIN,302,189.81460653832502
XGBBaseline,1,MIN,350,178.99716909151778
XGBBaseline,1,MIN,399,172.1239102702388
XGBBaseline,1,MIN,447,166.9778276970053
XGBBaseline,1,MIN,495,163.8589135889378
XGBBaseline,1,MIN,543,161.50571194166534
XGBBaseline,1,MIN,592,159.51479948389303
XGBBaseline,1,MIN,640,158.17704674224953
XGBBaseline,1,MIN,688,157.16183106140022
XGBBaseline,1,MIN,736,156.25044487377065
XGBBaseline,1,MIN,785,155.55977980275753
XGBBaseline,1,MIN,833,155.18493230242655
XGBBaseline,1,MIN,881,154.87350190444343
XGBBaseline,1,MIN,929,154.59005003667062
XGBBaseline,1,MIN,978,154.4188856673454
XGBBaseline,1,MIN,1026,154.21830923084602
XGBBaseline,1,MIN,1074,154.0800920611173
XGBBaseline,1,MIN,1122,154.03685702580995
XGBBaseline,1,MIN,1170,153.87949967799528
XGBBaseline,1,Deposition_Rate,19,1821.0238251977319
XGBBaseline,1,Deposition_Rate,67,660.6238908968542
XGBBaseline,1,Deposition_Rate,115,288.9340873809517
XGBBaseline,1,Deposition_Rate,163,157.95938464433232
XGBBaseline,1,Deposition_Rate,212,110.05018754164041
XGBBaseline,1,Deposition_Rate,260,87.51940462052843
XGBBaseline,1,Deposition_Rate,308,73.19116660762518
XGBBaseline,1,Deposition_Rate,356,63.2584241798467
XGBBaseline,1,Deposition_Rate,405,54.80408055798108
XGBBaseline,1,Deposition_Rate,453,48.46032692101303
XGBBaseline,1,Deposition_Rate,501,43.71910302174058
XGBBaseline,1,Deposition_Rate,549,40.020707938711126
XGBBaseline,1,Deposition_Rate,598,37.3410144353982
XGBBaseline,1,Deposition_Rate,646,35.12770552446327
XGBBaseline,1,Deposition_Rate,694,33.563269469437
XGBBaseline,1,Deposition_Rate,742,32.32984026588269
XGBBaseline,1,Deposition_Rate,790,31.38801456055028
XGBBaseline,1,Deposition_Rate,839,30.594805713865203
XGBBaseline,1,Deposition_Rate,887,30.066330271606123
XGBBaseline,1,Deposition_Rate,935,29.646751041682286
XGBBaseline,1,Deposition_Rate,983,29.319484315379707
XGBBaseline,1,Deposition_Rate,1032,29.071040738803603
XGBBaseline,1,Deposition_Rate,1080,28.851957028742454
XGBBaseline,1,Deposition_Rate,1128,28.682930671264415
XGBBaseline,1,Deposition_Rate,1176,28.549643087361186
XGBBaseline,1,Uniformity_Range,25,0.8185886743448929
XGBBaseline,1,Uniformity_Range,73,0.5138562487369596
XGBBaseline,1,Uniformity_Range,121,0.38746965434998015
XGBBaseline,1,Uniformity_Range,169,0.3017616620645423
XGBBaseline,1,Uniformity_Range,218,0.24943773165848496
XGBBaseline,1,Uniformity_Range,266,0.21453752749555693
XGBBaseline,1,Uniformity_Range,314,0.19211373611537505
XGBBaseline,1,Uniformity_Range,362,0.17310024179766448
XGBBaseline,1,Uniformity_Range,411,0.1588706065710312
XGBBaseline,1,Uniformity_Range,459,0.14815356502477703
XGBBaseline,1,Uniformity_Range,507,0.13997692435556047
XGBBaseline,1,Uniformity_Range,555,0.13271107344327754
XGBBaseline,1,Uniformity_Range,603,0.12688981687422676
XGBBaseline,1,Uniformity_Range,652,0.12304184577113175
XGBBaseline,1,Uniformity_Range,700,0.11966626976423424
XGBBaseline,1,Uniformity_Range,748,0.11700362735010797
XGBBaseline,1,Uniformity_Range,796,0.11496805274311257
XGBBaseline,1,Uniformity_Range,845,0.11345442275363388
XGBBaseline,1,Uniformity_Range,893,0.11218215957197748
XGBBaseline,1,Uniformity_Range,941,0.11116053537648664
XGBBaseline,1,Uniformity_Range,989,0.11030344877818744
XGBBaseline,1,Uniformity_Range,1038,0.10950261387475355
XGBBaseline,1,Uniformity_Range,1086,0.10890292275840963
XGBBaseline,1,Uniformity_Range,1134,0.10841734038645974
XGBBaseline,1,Uniformity_Range,1182,0.10809379492245934
XGBBaseline,1,Uniformity_1sigma,31,0.4088577918310438
XGBBaseline,1,Uniformity_1sigma,79,0.26327765633698313
XGBBaseline,1,Uniformity_1sigma,127,0.2021467701822975
XGBBaseline,1,Uniformity_1sigma,175,0.16804056761272831
XGBBaseline,1,Uniformity_1sigma,223,0.14629595825221575
XGBBaseline,1,Uniformity_1sigma,272,0.13113069206185313
XGBBaseline,1,Uniformity_1sigma,320,0.11950678597182278
XGBBaseline,1,Uniformity_1sigma,368,0.11080456609995136
XGBBaseline,1,Uniformity_1sigma,416,0.10442461377001204
XGBBaseline,1,Uniformity_1sigma,465,0.09946027237682804
XGBBaseline,1,Uniformity_1sigma,513,0.0957771725325374
XGBBaseline,1,Uniformity_1sigma,561,0.09263111354102518
XGBBaseline,1,Uniformity_1sigma,609,0.09030804800595035
XGBBaseline,1,Uniformity_1sigma,658,0.08867577492633837
XGBBaseline,1,Uniformity_1sigma,706,0.08722909882337365
XGBBaseline,1,Uniformity_1sigma,754,0.08608915385058627
XGBBaseline,1,Uniformity_1sigma,802,0.08523493385104611
XGBBaseline,1,Uniformity_1sigma,851,0.08453690797326156
XGBBaseline,1,Uniformity_1sigma,899,0.08398904759189764
XGBBaseline,1,Uniformity_1sigma,947,0.08350728762646577
XGBBaseline,1,Uniformity_1sigma,995,0.08313421274040766
XGBBaseline,1,Uniformity_1sigma,1043,0.08286057547053717
XGBBaseline,1,Uniformity_1sigma,1092,0.08255644814956838
XGBBaseline,1,Uniformity_1sigma,1140,0.08230471331773409
XGBBaseline,1,Uniformity_1sigma,1188,0.08210291345212382
XGBBaseline,1,RI,36,0.00472295235703901
XGBBaseline,1,RI,85,0.00424181043877935
XGBBaseline,1,RI,133,0.00406723337318297
XGBBaseline,1,RI,181,0.00395597371808244
XGBBaseline,1,RI,229,0.00390671714401096
XGBBaseline,1,RI,278,0.00388167288201912
XGBBaseline,1,RI,326,0.00385907719393162
XGBBaseline,1,RI,374,0.00382955105145389
XGBBaseline,1,RI,422,0.0038203444132328
XGBBaseline,1,RI,471,0.00381709683366537
XGBBaseline,1,RI,519,0.00381412824452001
XGBBaseline,1,RI,567,0.00379554462221836
XGBBaseline,1,RI,615,0.00379254180225725
XGBBaseline,1,RI,663,0.00379080524552534
XGBBaseline,1,RI,712,0.00379080524552534
XGBBaseline,1,RI,760,0.00377505024401351
XGBBaseline,1,RI,808,0.00376812958340322
XGBBaseline,1,RI,856,0.00376234372799649
XGBBaseline,1,RI,905,0.00375809450120973
XGBBaseline,1,RI,953,0.00375141175363053
XGBBaseline,1,RI,1001,0.0037463945137386
XGBBaseline,1,RI,1049,0.0037408649297743
XGBBaseline,1,RI,1098,0.0037408649297743
XGBBaseline,1,RI,1146,0.00373633763317908
XGBBaseline,1,RI,1194,0.00373633763317908
XGBBaseline,1,Stress,42,52.57600417171552
XGBBaseline,1,Stress,91,35.92596962013159
XGBBaseline,1,Stress,139,28.99233017231139
XGBBaseline,1,Stress,187,25.139801471997913
XGBBaseline,1,Stress,235,22.461719919239147
XGBBaseline,1,Stress,284,20.41696798479442
XGBBaseline,1,Stress,332,18.79242316183264
XGBBaseline,1,Stress,380,17.599424465570742
XGBBaseline,1,Stress,428,16.558631023897874
XGBBaseline,1,Stress,476,15.771072411720457
XGBBaseline,1,Stress,525,15.100218588113783
XGBBaseline,1,Stress,573,14.521785605585352
XGBBaseline,1,Stress,621,14.060943629922775
XGBBaseline,1,Stress,669,13.636793665661434
XGBBaseline,1,Stress,718,13.334326538132556
XGBBaseline,1,Stress,766,13.097432308827061
XGBBaseline,1,Stress,814,12.893381221349363
XGBBaseline,1,Stress,862,12.731141079467308
XGBBaseline,1,Stress,911,12.594491818487244
XGBBaseline,1,Stress,959,12.489715378817762
XGBBaseline,1,Stress,1007,12.400799872456231
XGBBaseline,1,Stress,1055,12.328938029386183
XGBBaseline,1,Stress,1104,12.270549802456392
XGBBaseline,1,Stress,1152,12.223497642287798
XGBBaseline,1,Stress,1200,12.18631678987372
XGBBaseline,2,Thickness,1,1989.2906031664036
XGBBaseline,2,Thickness,49,808.7368499067924
XGBBaseline,2,Thickness,97,469.89379753641896
XGBBaseline,2,Thickness,146,323.8609729863799
XGBBaseline,2,Thickness,194,251.1879224492972
XGBBaseline,2,Thickness,242,210.89078277746873
XGBBaseline,2,Thickness,290,190.9624940220421
XGBBaseline,2,Thickness,339,178.33654064384206
XGBBaseline,2,Thickness,387,170.56977650881038
XGBBaseline,2,Thickness,435,164.9627335203097
XGBBaseline,2,Thickness,483,161.04308257873652
XGBBaseline,2,Thickness,532,158.01994081086877
XGBBaseline,2,Thickness,580,155.8747616388115
XGBBaseline,2,Thickness,628,154.38270259363134
XGBBaseline,2,Thickness,676,153.11296644903365
XGBBaseline,2,Thickness,725,152.2905576945992
XGBBaseline,2,Thickness,773,151.60017054751253
XGBBaseline,2,Thickness,821,151.0343458440051
XGBBaseline,2,Thickness,869,150.64019419181548
XGBBaseline,2,Thickness,917,150.54622534598738
XGBBaseline,2,Thickness,966,150.15761142238495
XGBBaseline,2,Thickness,1014,150.0074992031603
XGBBaseline,2,Thickness,1062,149.89801680713927
XGBBaseline,2,Thickness,1110,149.67301348430183
XGBBaseline,2,Thickness,1159,149.59699440283202
XGBBaseline,2,MAX,7,1786.228812249858
XGBBaseline,2,MAX,55,747.5324280406102
XGBBaseline,2,MAX,103,450.18940848398995
XGBBaseline,2,MAX,152,305.14381186743447
XGBBaseline,2,MAX,200,241.44632361120495
XGBBaseline,2,MAX,248,210.13855750109678
XGBBaseline,2,MAX,296,195.63830929159846
XGBBaseline,2,MAX,345,182.97664125480105
XGBBaseline,2,MAX,393,175.68298331421406
XGBBaseline,2,MAX,441,169.70663637691908
XGBBaseline,2,MAX,489,165.86677149490984
XGBBaseline,2,MAX,538,162.52432669536827
XGBBaseline,2,MAX,586,160.33647040578677
XGBBaseline,2,MAX,634,158.61802212403921
XGBBaseline,2,MAX,682,157.5416976100118
XGBBaseline,2,MAX,730,156.577160777081
XGBBaseline,2,MAX,779,155.8717563179761
XGBBaseline,2,MAX,827,155.3146724658039
XGBBaseline,2,MAX,875,154.9418109437411
XGBBaseline,2,MAX,923,154.70612005950417
XGBBaseline,2,MAX,972,154.46960757202467
XGBBaseline,2,MAX,1020,154.27190953319294
XGBBaseline,2,MAX,1068,154.0988648585933
XGBBaseline,2,MAX,1116,154.02258769947107
XGBBaseline,2,MAX,1165,153.87762618479385
XGBBaseline,2,MIN,13,1486.317097938727
XGBBaseline,2,MIN,61,690.6313927415247
XGBBaseline,2,MIN,109,431.283251345114
XGBBaseline,2,MIN,158,303.26132109139536
XGBBaseline,2,MIN,206,245.27205399164234
XGBBaseline,2,MIN,254,211.0882255623834
XGBBaseline,2,MIN,302,191.71524221508093
XGBBaseline,2,MIN,350,179.96445101639938
XGBBaseline,2,MIN,399,170.23511908592354
XGBBaseline,2,MIN,447,164.12496719381883
XGBBaseline,2,MIN,495,159.09236508781058
XGBBaseline,2,MIN,543,155.28798009317674
XGBBaseline,2,MIN,592,152.60486407173306
XGBBaseline,2,MIN,640,150.5308121412254
XGBBaseline,2,MIN,688,149.08443121185044
XGBBaseline,2,MIN,736,147.95663780933518
XGBBaseline,2,MIN,785,147.0123090513225
XGBBaseline,2,MIN,833,146.40780542078394
XGBBaseline,2,MIN,881,145.91469538583289
XGBBaseline,2,MIN,929,145.45870560789461
XGBBaseline,2,MIN,978,145.08988434977041
XGBBaseline,2,MIN,1026,144.8822460621897
XGBBaseline,2,MIN,1074,144.74253203044404
XGBBaseline,2,MIN,1122,144.70986048321507
XGBBaseline,2,MIN,1170,144.54432717937297
XGBBaseline,2,Deposition_Rate,19,1736.7996959989182
XGBBaseline,2,Deposition_Rate,67,684.2113495529882
XGBBaseline,2,Deposition_Rate,115,341.6629352445312
XGBBaseline,2,Deposition_Rate,163,233.4661061398979
XGBBaseline,2,Deposition_Rate,212,191.37072210965735
XGBBaseline,2,Deposition_Rate,260,169.1840165654886
XGBBaseline,2,Deposition_Rate,308,149.66828922187676
XGBBaseline,2,Deposition_Rate,356,134.6357215274431
XGBBaseline,2,Deposition_Rate,405,121.4994397657954
XGBBaseline,2,Deposition_Rate,453,112.22871400293604
XGBBaseline,2,Deposition_Rate,501,105.34603179035282
XGBBaseline,2,Deposition_Rate,549,99.46759247313875
XGBBaseline,2,Deposition_Rate,598,95.27764955709885
XGBBaseline,2,Deposition_Rate,646,91.96898751489537
XGBBaseline,2,Deposition_Rate,694,89.32062821910411
XGBBaseline,2,Deposition_Rate,742,87.18949207790982
XGBBaseline,2,Deposition_Rate,790,85.37263471564412
XGBBaseline,2,Deposition_Rate,839,83.87553057423516
XGBBaseline,2,Deposition_Rate,887,82.73062671101138
XGBBaseline,2,Deposition_Rate,935,81.82440415997681
XGBBaseline,2,Deposition_Rate,983,81.10805792924516
XGBBaseline,2,Deposition_Rate,1032,80.49452237713629
XGBBaseline,2,Deposition_Rate,1080,79.99689798317547
XGBBaseline,2,Deposition_Rate,1128,79.55849093703686
XGBBaseline,2,Deposition_Rate,1176,79.2061067084268
XGBBaseline,2,Uniformity_Range,25,0.7888426960522966
XGBBaseline,2,Uniformity_Range,73,0.44760170680120503
XGBBaseline,2,Uniformity_Range,121,0.29527735621458456
XGBBaseline,2,Uniformity_Range,169,0.22762306837579138
XGBBaseline,2,Uniformity_Range,218,0.19396831473506118
XGBBaseline,2,Uniformity_Range,266,0.17249227651219
XGBBaseline,2,Uniformity_Range,314,0.15454143350350974
XGBBaseline,2,Uniformity_Range,362,0.1394460190217864
XGBBaseline,2,Uniformity_Range,411,0.1271737357486012
XGBBaseline,2,Uniformity_Range,459,0.11599393802757384
XGBBaseline,2,Uniformity_Range,507,0.10763585623296965
XGBBaseline,2,Uniformity_Range,555,0.10043111455869305
XGBBaseline,2,Uniformity_Range,603,0.09384590794813479
XGBBaseline,2,Uniformity_Range,652,0.0890170153785831
XGBBaseline,2,Uniformity_Range,700,0.08491316938455314
XGBBaseline,2,Uniformity_Range,748,0.08131310485181772
XGBBaseline,2,Uniformity_Range,796,0.07866139991829352
XGBBaseline,2,Uniformity_Range,845,0.07620168783308245
XGBBaseline,2,Uniformity_Range,893,0.07420338497318987
XGBBaseline,2,Uniformity_Range,941,0.07241966176004107
XGBBaseline,2,Uniformity_Range,989,0.07108186045860346
XGBBaseline,2,Uniformity_Range,1038,0.06981148828164316
XGBBaseline,2,Uniformity_Range,1086,0.06873807999052922
XGBBaseline,2,Uniformity_Range,1134,0.06785262876466415
XGBBaseline,2,Uniformity_Range,1182,0.06705462541246592
XGBBaseline,2,Uniformity_1sigma,31,0.414734155235243
XGBBaseline,2,Uniformity_1sigma,79,0.24673541396491525
XGBBaseline,2,Uniformity_1sigma,127,0.16851688851107038
XGBBaseline,2,Uniformity_1sigma,175,0.1343477945004345
XGBBaseline,2,Uniformity_1sigma,223,0.11401948116233979
XGBBaseline,2,Uniformity_1sigma,272,0.09926762778388079
XGBBaseline,2,Uniformity_1sigma,320,0.08900301141680782
XGBBaseline,2,Uniformity_1sigma,368,0.08077820152269836
XGBBaseline,2,Uniformity_1sigma,416,0.07418298459712626
XGBBaseline,2,Uniformity_1sigma,465,0.06803656382572389
XGBBaseline,2,Uniformity_1sigma,513,0.06258235055507126
XGBBaseline,2,Uniformity_1sigma,561,0.05845921525372626
XGBBaseline,2,Uniformity_1sigma,609,0.05412917487762697
XGBBaseline,2,Uniformity_1sigma,658,0.05054010766074457
XGBBaseline,2,Uniformity_1sigma,706,0.04776842089334449
XGBBaseline,2,Uniformity_1sigma,754,0.04524371489853149
XGBBaseline,2,Uniformity_1sigma,802,0.04292264816810616
XGBBaseline,2,Uniformity_1sigma,851,0.0410149371558198
XGBBaseline,2,Uniformity_1sigma,899,0.0394147716217146
XGBBaseline,2,Uniformity_1sigma,947,0.03800928460363694
XGBBaseline,2,Uniformity_1sigma,995,0.0367037929534532
XGBBaseline,2,Uniformity_1sigma,1043,0.03575293874831021
XGBBaseline,2,Uniformity_1sigma,1092,0.03463591491491732
XGBBaseline,2,Uniformity_1sigma,1140,0.03380235828476614
XGBBaseline,2,Uniformity_1sigma,1188,0.03313491378786736
XGBBaseline,2,RI,36,0.0044662179233074
XGBBaseline,2,RI,85,0.00400722787813756
XGBBaseline,2,RI,133,0.00379413334267236
XGBBaseline,2,RI,181,0.00372963367651114
XGBBaseline,2,RI,229,0.00367082857034157
XGBBaseline,2,RI,278,0.00365323510138861
XGBBaseline,2,RI,326,0.00363770492520754
XGBBaseline,2,RI,374,0.00362839899808875
XGBBaseline,2,RI,422,0.00362122108154937
XGBBaseline,2,RI,471,0.00361620110957558
XGBBaseline,2,RI,519,0.00361304364134733
XGBBaseline,2,RI,567,0.00360849119120666
XGBBaseline,2,RI,615,0.00360477266373581
XGBBaseline,2,RI,663,0.00359795541677232
XGBBaseline,2,RI,712,0.00359795541677232
XGBBaseline,2,RI,760,0.00359795541677232
XGBBaseline,2,RI,808,0.00359479601476056
XGBBaseline,2,RI,856,0.00359479601476056
XGBBaseline,2,RI,905,0.00359479601476056
XGBBaseline,2,RI,953,0.00359479601476056
XGBBaseline,2,RI,1001,0.00359479601476056
XGBBaseline,2,RI,1049,0.00359479601476056
XGBBaseline,2,RI,1098,0.00359005143043066
XGBBaseline,2,RI,1146,0.00359005143043066
XGBBaseline,2,RI,1194,0.0035869796046687
XGBBaseline,2,Stress,42,47.468815457084546
XGBBaseline,2,Stress,91,31.28054060683076
XGBBaseline,2,Stress,139,25.820194365567325
XGBBaseline,2,Stress,187,22.81792524072528
XGBBaseline,2,Stress,235,21.018606781804078
XGBBaseline,2,Stress,284,19.63190191710325
XGBBaseline,2,Stress,332,18.717126354563067
XGBBaseline,2,Stress,380,18.08554209507713
XGBBaseline,2,Stress,428,17.65878609328879
XGBBaseline,2,Stress,476,17.32328635771658
XGBBaseline,2,Stress,525,17.018532542570295
XGBBaseline,2,Stress,573,16.829743809577646
XGBBaseline,2,Stress,621,16.703071251900965
XGBBaseline,2,Stress,669,16.58785531582937
XGBBaseline,2,Stress,718,16.50528225118406
XGBBaseline,2,Stress,766,16.433690531840135
XGBBaseline,2,Stress,814,16.393996253784486
XGBBaseline,2,Stress,862,16.324547456866867
XGBBaseline,2,Stress,911,16.278032530705175
XGBBaseline,2,Stress,959,16.239346114548052
XGBBaseline,2,Stress,1007,16.216442492442873
XGBBaseline,2,Stress,1055,16.19604120652716
XGBBaseline,2,Stress,1104,16.169560572700792
XGBBaseline,2,Stress,1152,16.15319534859785
XGBBaseline,2,Stress,1200,16.141450084431867
XGBBaseline,3,Thickness,1,2133.9173149753115
XGBBaseline,3,Thickness,49,815.0057907703833
XGBBaseline,3,Thickness,97,412.41637310819243
XGBBaseline,3,Thickness,146,273.78045515297885
XGBBaseline,3,Thickness,194,225.5704234696868
XGBBaseline,3,Thickness,242,201.58621229988694
XGBBaseline,3,Thickness,290,186.56501699413295
XGBBaseline,3,Thickness,339,176.22239968289819
XGBBaseline,3,Thickness,387,169.92287861557972
XGBBaseline,3,Thickness,435,165.59384583350501
XGBBaseline,3,Thickness,483,162.34966886650687
XGBBaseline,3,Thickness,532,159.8501397772168
XGBBaseline,3,Thickness,580,157.92687000771224
XGBBaseline,3,Thickness,628,156.60421238445403
XGBBaseline,3,Thickness,676,155.51725156697523
XGBBaseline,3,Thickness,725,154.70062646434323
XGBBaseline,3,Thickness,773,154.43099141627482
XGBBaseline,3,Thickness,821,153.63088210946023
XGBBaseline,3,Thickness,869,153.27817829266846
XGBBaseline,3,Thickness,917,153.04196399089966
XGBBaseline,3,Thickness,966,152.66436361636278
XGBBaseline,3,Thickness,1014,152.45192166911397
XGBBaseline,3,Thickness,1062,152.21942184458354
XGBBaseline,3,Thickness,1110,152.0488304435425
XGBBaseline,3,Thickness,1159,151.90215176459282
XGBBaseline,3,MAX,7,1951.2187605757065
XGBBaseline,3,MAX,55,839.1733078357747
XGBBaseline,3,MAX,103,538.8471327653367
XGBBaseline,3,MAX,152,444.70024951162975
XGBBaseline,3,MAX,200,411.0283141609124
XGBBaseline,3,MAX,248,394.05592402179025
XGBBaseline,3,MAX,296,382.6296319651223
XGBBaseline,3,MAX,345,376.1355777882328
XGBBaseline,3,MAX,393,370.7183277514067
XGBBaseline,3,MAX,441,367.2624353430544
XGBBaseline,3,MAX,489,363.6380236363018
XGBBaseline,3,MAX,538,361.193300545683
XGBBaseline,3,MAX,586,359.1160309235073
XGBBaseline,3,MAX,634,357.46333328327836
XGBBaseline,3,MAX,682,356.04885962848624
XGBBaseline,3,MAX,730,354.5489052593456
XGBBaseline,3,MAX,779,353.71850168087644
XGBBaseline,3,MAX,827,353.08528445777586
XGBBaseline,3,MAX,875,352.59088271394836
XGBBaseline,3,MAX,923,352.1251855216816
XGBBaseline,3,MAX,972,351.6540127930167
XGBBaseline,3,MAX,1020,351.3524061555863
XGBBaseline,3,MAX,1068,351.0686929675247
XGBBaseline,3,MAX,1116,350.9621819975268
XGBBaseline,3,MAX,1165,350.77836255930566
XGBBaseline,3,MIN,13,1606.0690000908692
XGBBaseline,3,MIN,61,678.466190290448
XGBBaseline,3,MIN,109,379.2673794236979
XGBBaseline,3,MIN,158,268.3769257873038
XGBBaseline,3,MIN,206,226.1663926149528
XGBBaseline,3,MIN,254,202.71072168860564
XGBBaseline,3,MIN,302,188.61134988418604
XGBBaseline,3,MIN,350,177.41888431280486
XGBBaseline,3,MIN,399,170.5290242607383
XGBBaseline,3,MIN,447,165.3186306436566
XGBBaseline,3,MIN,495,161.18162860654252
XGBBaseline,3,MIN,543,157.95375718845517
XGBBaseline,3,MIN,592,155.7897878218091
XGBBaseline,3,MIN,640,153.9016964505676
XGBBaseline,3,MIN,688,152.232300698383
XGBBaseline,3,MIN,736,151.13438660005903
XGBBaseline,3,MIN,785,150.1702514829355
XGBBaseline,3,MIN,833,149.50782991743372
XGBBaseline,3,MIN,881,148.8794358995933
XGBBaseline,3,MIN,929,148.50923193647398
XGBBaseline,3,MIN,978,148.19420965293259
XGBBaseline,3,MIN,1026,147.73903227754656
XGBBaseline,3,MIN,1074,147.52908768873647
XGBBaseline,3,MIN,1122,147.37894815979254
XGBBaseline,3,MIN,1170,147.19467416424223
XGBBaseline,3,Deposition_Rate,19,1907.1324533447425
XGBBaseline,3,Deposition_Rate,67,669.0045163785861
XGBBaseline,3,Deposition_Rate,115,286.9549605352696
XGBBaseline,3,Deposition_Rate,163,165.55364945947628
XGBBaseline,3,Deposition_Rate,212,122.88301679299956
XGBBaseline,3,Deposition_Rate,260,103.55696945167556
XGBBaseline,3,Deposition_Rate,308,91.00830955657051
XGBBaseline,3,Deposition_Rate,356,81.4289868441439
XGBBaseline,3,Deposition_Rate,405,74.5921774172744
XGBBaseline,3,Deposition_Rate,453,69.3829283422012
XGBBaseline,3,Deposition_Rate,501,65.31973664617946
XGBBaseline,3,Deposition_Rate,549,61.84631408602397
XGBBaseline,3,Deposition_Rate,598,58.835495050403416
XGBBaseline,3,Deposition_Rate,646,56.55473386865647
XGBBaseline,3,Deposition_Rate,694,54.70823356138004
XGBBaseline,3,Deposition_Rate,742,53.12134236021325
XGBBaseline,3,Deposition_Rate,790,51.84139558093662
XGBBaseline,3,Deposition_Rate,839,50.770094924010124
XGBBaseline,3,Deposition_Rate,887,49.95717554470288
XGBBaseline,3,Deposition_Rate,935,49.231696666073674
XGBBaseline,3,Deposition_Rate,983,48.64949935536663
XGBBaseline,3,Deposition_Rate,1032,48.14881592627082
XGBBaseline,3,Deposition_Rate,1080,47.735859776918026
XGBBaseline,3,Deposition_Rate,1128,47.38534578954663
XGBBaseline,3,Deposition_Rate,1176,47.09626490081743
XGBBaseline,3,Uniformity_Range,25,0.8644010579854103
XGBBaseline,3,Uniformity_Range,73,0.4883450192498204
XGBBaseline,3,Uniformity_Range,121,0.3274577064938685
XGBBaseline,3,Uniformity_Range,169,0.2478903178225562
XGBBaseline,3,Uniformity_Range,218,0.20162780473699451
XGBBaseline,3,Uniformity_Range,266,0.17314366428734215
XGBBaseline,3,Uniformity_Range,314,0.15048514600478732
XGBBaseline,3,Uniformity_Range,362,0.1350108642704075
XGBBaseline,3,Uniformity_Range,411,0.12114277762717429
XGBBaseline,3,Uniformity_Range,459,0.11185335160389803
XGBBaseline,3,Uniformity_Range,507,0.10506226532413164
XGBBaseline,3,Uniformity_Range,555,0.09861336537552223
XGBBaseline,3,Uniformity_Range,603,0.09369233436522738
XGBBaseline,3,Uniformity_Range,652,0.08924557179556937
XGBBaseline,3,Uniformity_Range,700,0.08530271069859609
XGBBaseline,3,Uniformity_Range,748,0.08252605747370076
XGBBaseline,3,Uniformity_Range,796,0.07989493555459992
XGBBaseline,3,Uniformity_Range,845,0.07783764370496304
XGBBaseline,3,Uniformity_Range,893,0.07603719627001686
XGBBaseline,3,Uniformity_Range,941,0.0746249500056638
XGBBaseline,3,Uniformity_Range,989,0.07344951986312764
XGBBaseline,3,Uniformity_Range,1038,0.07243969795235895
XGBBaseline,3,Uniformity_Range,1086,0.0714997009536424
XGBBaseline,3,Uniformity_Range,1134,0.07076892170035556
XGBBaseline,3,Uniformity_Range,1182,0.07019230583096611
XGBBaseline,3,Uniformity_1sigma,31,0.44928658793503023
XGBBaseline,3,Uniformity_1sigma,79,0.2647213808643483
XGBBaseline,3,Uniformity_1sigma,127,0.188541751180313
XGBBaseline,3,Uniformity_1sigma,175,0.152753561589726
XGBBaseline,3,Uniformity_1sigma,223,0.1261531114772547
XGBBaseline,3,Uniformity_1sigma,272,0.10734278014512194
XGBBaseline,3,Uniformity_1sigma,320,0.09400924553085627
XGBBaseline,3,Uniformity_1sigma,368,0.08420343624349853
XGBBaseline,3,Uniformity_1sigma,416,0.07697944518495474
XGBBaseline,3,Uniformity_1sigma,465,0.07136221921850756
XGBBaseline,3,Uniformity_1sigma,513,0.06744131330635031
XGBBaseline,3,Uniformity_1sigma,561,0.06431884444655694
XGBBaseline,3,Uniformity_1sigma,609,0.06193475124857543
XGBBaseline,3,Uniformity_1sigma,658,0.059924046109024
XGBBaseline,3,Uniformity_1sigma,706,0.05832468158005549
XGBBaseline,3,Uniformity_1sigma,754,0.05705400880922253
XGBBaseline,3,Uniformity_1sigma,802,0.05596302253764265
XGBBaseline,3,Uniformity_1sigma,851,0.05503223330484325
XGBBaseline,3,Uniformity_1sigma,899,0.05439749957777231
XGBBaseline,3,Uniformity_1sigma,947,0.05371123396326262
XGBBaseline,3,Uniformity_1sigma,995,0.05306505789886711
XGBBaseline,3,Uniformity_1sigma,1043,0.0526187195761228
XGBBaseline,3,Uniformity_1sigma,1092,0.05218094844090872
XGBBaseline,3,Uniformity_1sigma,1140,0.05177526210696835
XGBBaseline,3,Uniformity_1sigma,1188,0.05137803905006989
XGBBaseline,3,RI,36,0.00457057184618897
XGBBaseline,3,RI,85,0.00418380106018551
XGBBaseline,3,RI,133,0.00400831166714434
XGBBaseline,3,RI,181,0.0039343332059288
XGBBaseline,3,RI,229,0.00389310836595035
XGBBaseline,3,RI,278,0.00387843947766429
XGBBaseline,3,RI,326,0.00386183667833562
XGBBaseline,3,RI,374,0.00385556898505365
XGBBaseline,3,RI,422,0.00385556898505365
XGBBaseline,3,RI,471,0.00384957913460763
XGBBaseline,3,RI,519,0.0038484663225652
XGBBaseline,3,RI,567,0.00384278345182241
XGBBaseline,3,RI,615,0.00384278345182241
XGBBaseline,3,RI,663,0.00384090259777334
XGBBaseline,3,RI,712,0.00383713794377981
XGBBaseline,3,RI,760,0.00383406616992087
XGBBaseline,3,RI,808,0.00383406616992087
XGBBaseline,3,RI,856,0.00383044899997436
XGBBaseline,3,RI,905,0.00383044899997436
XGBBaseline,3,RI,953,0.00382602442554665
XGBBaseline,3,RI,1001,0.00382602442554665
XGBBaseline,3,RI,1049,0.00382602442554665
XGBBaseline,3,RI,1098,0.00382602442554665
XGBBaseline,3,RI,1146,0.0038228328232694
XGBBaseline,3,RI,1194,0.0038228328232694
XGBBaseline,3,Stress,42,47.65865442860864
XGBBaseline,3,Stress,91,31.19951565012331
XGBBaseline,3,Stress,139,24.45284003573352
XGBBaseline,3,Stress,187,20.612445817020664
XGBBaseline,3,Stress,235,18.25369614779107
XGBBaseline,3,Stress,284,16.550230779723936
XGBBaseline,3,Stress,332,15.278032559064885
XGBBaseline,3,Stress,380,14.159852425642388
XGBBaseline,3,Stress,428,13.333757411041553
XGBBaseline,3,Stress,476,12.562576232708784
XGBBaseline,3,Stress,525,11.88935675900055
XGBBaseline,3,Stress,573,11.320683602006817
XGBBaseline,3,Stress,621,10.857496194594223
XGBBaseline,3,Stress,669,10.473903057618118
XGBBaseline,3,Stress,718,10.130967995881504
XGBBaseline,3,Stress,766,9.811316623732582
XGBBaseline,3,Stress,814,9.550415875147506
XGBBaseline,3,Stress,862,9.33807187844751
XGBBaseline,3,Stress,911,9.148352880366273
XGBBaseline,3,Stress,959,8.994162628322666
XGBBaseline,3,Stress,1007,8.881638112819452
XGBBaseline,3,Stress,1055,8.781718029691591
XGBBaseline,3,Stress,1104,8.704327419894533
XGBBaseline,3,Stress,1152,8.640686028452588
XGBBaseline,3,Stress,1200,8.587613952545903
XGBBaseline,4,Thickness,1,1615.1147896467903
XGBBaseline,4,Thickness,49,660.0193789921955
XGBBaseline,4,Thickness,97,372.1823590378702
XGBBaseline,4,Thickness,146,269.84486874567034
XGBBaseline,4,Thickness,194,222.7143359041374
XGBBaseline,4,Thickness,242,198.3515321568917
XGBBaseline,4,Thickness,290,182.61480828819833
XGBBaseline,4,Thickness,339,174.58612021752586
XGBBaseline,4,Thickness,387,168.53224529461153
XGBBaseline,4,Thickness,435,164.93173596333546
XGBBaseline,4,Thickness,483,162.24725363829808
XGBBaseline,4,Thickness,532,160.3392415888277
XGBBaseline,4,Thickness,580,158.87540094085003
XGBBaseline,4,Thickness,628,157.9838319420529
XGBBaseline,4,Thickness,676,157.2929818773211
XGBBaseline,4,Thickness,725,156.90776759982248
XGBBaseline,4,Thickness,773,156.29074810500975
XGBBaseline,4,Thickness,821,156.01227997994263
XGBBaseline,4,Thickness,869,155.83613109020695
XGBBaseline,4,Thickness,917,155.57679460370744
XGBBaseline,4,Thickness,966,155.4016919136589
XGBBaseline,4,Thickness,1014,155.31966554723536
XGBBaseline,4,Thickness,1062,155.19359401163456
XGBBaseline,4,Thickness,1110,155.04449747914154
XGBBaseline,4,Thickness,1159,154.94422161329007
XGBBaseline,4,MAX,7,1535.8476263434134
XGBBaseline,4,MAX,55,731.4414317079764
XGBBaseline,4,MAX,103,505.0729516711393
XGBBaseline,4,MAX,152,432.38681133668115
XGBBaseline,4,MAX,200,401.5143701313174
XGBBaseline,4,MAX,248,389.25487990128795
XGBBaseline,4,MAX,296,381.189433925704
XGBBaseline,4,MAX,345,375.2633084175104
XGBBaseline,4,MAX,393,371.1630663762158
XGBBaseline,4,MAX,441,367.97628765987474
XGBBaseline,4,MAX,489,365.58687166064016
XGBBaseline,4,MAX,538,363.1179371459352
XGBBaseline,4,MAX,586,361.1575038064587
XGBBaseline,4,MAX,634,359.6979277752441
XGBBaseline,4,MAX,682,358.146258193863
XGBBaseline,4,MAX,730,357.03747971492146
XGBBaseline,4,MAX,779,355.9406343448942
XGBBaseline,4,MAX,827,354.94682217015236
XGBBaseline,4,MAX,875,354.230042632444
XGBBaseline,4,MAX,923,353.72759258849675
XGBBaseline,4,MAX,972,353.1466728808151
XGBBaseline,4,MAX,1020,352.63989040972103
XGBBaseline,4,MAX,1068,352.2518712938163
XGBBaseline,4,MAX,1116,352.046008672362
XGBBaseline,4,MAX,1165,351.4892358732116
XGBBaseline,4,MIN,13,1213.3212880596434
XGBBaseline,4,MIN,61,549.1775242126357
XGBBaseline,4,MIN,109,334.06343717978075
XGBBaseline,4,MIN,158,259.0293534755347
XGBBaseline,4,MIN,206,220.14166077471424
XGBBaseline,4,MIN,254,197.66544587901976
XGBBaseline,4,MIN,302,181.30176992909412
XGBBaseline,4,MIN,350,171.5329410369305
XGBBaseline,4,MIN,399,165.10235465992116
XGBBaseline,4,MIN,447,160.89827497436863
XGBBaseline,4,MIN,495,158.08189842776443
XGBBaseline,4,MIN,543,156.03281798807294
XGBBaseline,4,MIN,592,154.6342943707528
XGBBaseline,4,MIN,640,153.65612880358697
XGBBaseline,4,MIN,688,152.83933369863897
XGBBaseline,4,MIN,736,152.2419529984544
XGBBaseline,4,MIN,785,151.79021684132718
XGBBaseline,4,MIN,833,151.43577109487197
XGBBaseline,4,MIN,881,151.12551081984344
XGBBaseline,4,MIN,929,150.8985330818556
XGBBaseline,4,MIN,978,150.7861391629506
XGBBaseline,4,MIN,1026,150.56920103815858
XGBBaseline,4,MIN,1074,150.43017660964338
XGBBaseline,4,MIN,1122,150.30220496322747
XGBBaseline,4,MIN,1170,150.2276812554405
XGBBaseline,4,Deposition_Rate,19,1836.8435225921908
XGBBaseline,4,Deposition_Rate,67,686.0142562035255
XGBBaseline,4,Deposition_Rate,115,305.8941435198781
XGBBaseline,4,Deposition_Rate,163,187.7309680654356
XGBBaseline,4,Deposition_Rate,212,143.5539497985947
XGBBaseline,4,Deposition_Rate,260,117.89321364670029
XGBBaseline,4,Deposition_Rate,308,100.01981822077182
XGBBaseline,4,Deposition_Rate,356,85.94853843585558
XGBBaseline,4,Deposition_Rate,405,76.37418529216157
XGBBaseline,4,Deposition_Rate,453,69.01258402952224
XGBBaseline,4,Deposition_Rate,501,63.22151938507141
XGBBaseline,4,Deposition_Rate,549,58.652709827776725
XGBBaseline,4,Deposition_Rate,598,55.336338948930305
XGBBaseline,4,Deposition_Rate,646,52.75373070058639
XGBBaseline,4,Deposition_Rate,694,50.65408702913647
XGBBaseline,4,Deposition_Rate,742,48.90087097491482
XGBBaseline,4,Deposition_Rate,790,47.69001381189326
XGBBaseline,4,Deposition_Rate,839,46.51802643863924
XGBBaseline,4,Deposition_Rate,887,45.5982029434181
XGBBaseline,4,Deposition_Rate,935,44.84153392588633
XGBBaseline,4,Deposition_Rate,983,44.167099593973866
XGBBaseline,4,Deposition_Rate,1032,43.604635840427356
XGBBaseline,4,Deposition_Rate,1080,43.08835218495207
XGBBaseline,4,Deposition_Rate,1128,42.68279783904537
XGBBaseline,4,Deposition_Rate,1176,42.30646989586115
XGBBaseline,4,Uniformity_Range,25,0.7843877349429175
XGBBaseline,4,Uniformity_Range,73,0.42177798306002295
XGBBaseline,4,Uniformity_Range,121,0.2869100322883714
XGBBaseline,4,Uniformity_Range,169,0.22946774443429743
XGBBaseline,4,Uniformity_Range,218,0.19729869142183645
XGBBaseline,4,Uniformity_Range,266,0.17714590062276964
XGBBaseline,4,Uniformity_Range,314,0.1627374205533503
XGBBaseline,4,Uniformity_Range,362,0.15222917051207593
XGBBaseline,4,Uniformity_Range,411,0.14440589985358485
XGBBaseline,4,Uniformity_Range,459,0.13667435072416712
XGBBaseline,4,Uniformity_Range,507,0.1313812931521683
XGBBaseline,4,Uniformity_Range,555,0.12714529978729974
XGBBaseline,4,Uniformity_Range,603,0.12390823319461236
XGBBaseline,4,Uniformity_Range,652,0.1212305932747871
XGBBaseline,4,Uniformity_Range,700,0.11919861125894135
XGBBaseline,4,Uniformity_Range,748,0.11722569101218137
XGBBaseline,4,Uniformity_Range,796,0.11564341459679464
XGBBaseline,4,Uniformity_Range,845,0.11447648180991085
XGBBaseline,4,Uniformity_Range,893,0.11362142937807905
XGBBaseline,4,Uniformity_Range,941,0.11282426964292526
XGBBaseline,4,Uniformity_Range,989,0.11217328491545811
XGBBaseline,4,Uniformity_Range,1038,0.1115503368943346
XGBBaseline,4,Uniformity_Range,1086,0.11112473629559881
XGBBaseline,4,Uniformity_Range,1134,0.1107393347231281
XGBBaseline,4,Uniformity_Range,1182,0.11035308664366698
XGBBaseline,4,Uniformity_1sigma,31,0.40858322156666127
XGBBaseline,4,Uniformity_1sigma,79,0.23058235808510494
XGBBaseline,4,Uniformity_1sigma,127,0.16639324248793222
XGBBaseline,4,Uniformity_1sigma,175,0.13832919960597162
XGBBaseline,4,Uniformity_1sigma,223,0.12210372157283773
XGBBaseline,4,Uniformity_1sigma,272,0.11088583165625145
XGBBaseline,4,Uniformity_1sigma,320,0.10351821343709292
XGBBaseline,4,Uniformity_1sigma,368,0.09807538371006541
XGBBaseline,4,Uniformity_1sigma,416,0.09374203004627889
XGBBaseline,4,Uniformity_1sigma,465,0.09045941537321855
XGBBaseline,4,Uniformity_1sigma,513,0.08760601240025846
XGBBaseline,4,Uniformity_1sigma,561,0.08509891267662001
XGBBaseline,4,Uniformity_1sigma,609,0.08315375348133962
XGBBaseline,4,Uniformity_1sigma,658,0.08134502480870079
XGBBaseline,4,Uniformity_1sigma,706,0.08004978280017952
XGBBaseline,4,Uniformity_1sigma,754,0.07892289451739139
XGBBaseline,4,Uniformity_1sigma,802,0.07797366597216199
XGBBaseline,4,Uniformity_1sigma,851,0.07710371063781608
XGBBaseline,4,Uniformity_1sigma,899,0.07646410535575955
XGBBaseline,4,Uniformity_1sigma,947,0.0758362739666255
XGBBaseline,4,Uniformity_1sigma,995,0.07526577380949283
XGBBaseline,4,Uniformity_1sigma,1043,0.07478972935677837
XGBBaseline,4,Uniformity_1sigma,1092,0.07438828836233362
XGBBaseline,4,Uniformity_1sigma,1140,0.07397084720790496
XGBBaseline,4,Uniformity_1sigma,1188,0.07363425128879994
XGBBaseline,4,RI,36,0.00400090613948597
XGBBaseline,4,RI,85,0.00379000516684154
XGBBaseline,4,RI,133,0.00367914443874528
XGBBaseline,4,RI,181,0.00364465136478098
XGBBaseline,4,RI,229,0.00362300600502563
XGBBaseline,4,RI,278,0.00361804493633181
XGBBaseline,4,RI,326,0.0036030861728848
XGBBaseline,4,RI,374,0.00358976205994389
XGBBaseline,4,RI,422,0.00357793282506093
XGBBaseline,4,RI,471,0.00356692278055073
XGBBaseline,4,RI,519,0.00356325532385755
XGBBaseline,4,RI,567,0.00354880418468151
XGBBaseline,4,RI,615,0.00353888241927722
XGBBaseline,4,RI,663,0.00353888241927722
XGBBaseline,4,RI,712,0.00353560548027443
XGBBaseline,4,RI,760,0.00353210687753623
XGBBaseline,4,RI,808,0.00352909087063492
XGBBaseline,4,RI,856,0.00352545084699772
XGBBaseline,4,RI,905,0.00352360544063639
XGBBaseline,4,RI,953,0.00352360544063639
XGBBaseline,4,RI,1001,0.00351543351371973
XGBBaseline,4,RI,1049,0.00351543351371973
XGBBaseline,4,RI,1098,0.00351204379053701
XGBBaseline,4,RI,1146,0.00350891230736801
XGBBaseline,4,RI,1194,0.00350722148583438
XGBBaseline,4,Stress,42,47.67146247392102
XGBBaseline,4,Stress,91,33.830770105518845
XGBBaseline,4,Stress,139,27.588380596544972
XGBBaseline,4,Stress,187,23.73538133900784
XGBBaseline,4,Stress,235,21.196931956308315
XGBBaseline,4,Stress,284,19.158981422409827
XGBBaseline,4,Stress,332,17.877004817900552
XGBBaseline,4,Stress,380,16.94221052249143
XGBBaseline,4,Stress,428,16.24861868467415
XGBBaseline,4,Stress,476,15.692343806903205
XGBBaseline,4,Stress,525,15.336849314357256
XGBBaseline,4,Stress,573,15.004960982298197
XGBBaseline,4,Stress,621,14.762259082437051
XGBBaseline,4,Stress,669,14.578878234445641
XGBBaseline,4,Stress,718,14.429764001732423
XGBBaseline,4,Stress,766,14.312669777267047
XGBBaseline,4,Stress,814,14.228861795953547
XGBBaseline,4,Stress,862,14.14251454705624
XGBBaseline,4,Stress,911,14.078209675490346
XGBBaseline,4,Stress,959,14.019424081018585
XGBBaseline,4,Stress,1007,13.970737490459129
XGBBaseline,4,Stress,1055,13.93277000363275
XGBBaseline,4,Stress,1104,13.902871546479894
XGBBaseline,4,Stress,1152,13.87312969480913
XGBBaseline,4,Stress,1200,13.857525241584897
XGBBaseline,5,Thickness,1,2236.441319023931
XGBBaseline,5,Thickness,49,820.5722187811086
XGBBaseline,5,Thickness,97,406.56656051866116
XGBBaseline,5,Thickness,146,240.89775526951334
XGBBaseline,5,Thickness,194,167.77766647861512
XGBBaseline,5,Thickness,242,130.139929403237
XGBBaseline,5,Thickness,290,110.31192750698402
XGBBaseline,5,Thickness,339,96.96049475422666
XGBBaseline,5,Thickness,387,86.31132641341468
XGBBaseline,5,Thickness,435,78.39275648121153
XGBBaseline,5,Thickness,483,72.19904198326506
XGBBaseline,5,Thickness,532,67.978305256162
XGBBaseline,5,Thickness,580,64.6139463903653
XGBBaseline,5,Thickness,628,62.08453117498405
XGBBaseline,5,Thickness,676,60.29279096622214
XGBBaseline,5,Thickness,725,58.94265147090502
XGBBaseline,5,Thickness,773,57.922165316112014
XGBBaseline,5,Thickness,821,56.809132259417176
XGBBaseline,5,Thickness,869,56.24110448274328
XGBBaseline,5,Thickness,917,55.78459049878177
XGBBaseline,5,Thickness,966,55.436613357710925
XGBBaseline,5,Thickness,1014,55.18760420161439
XGBBaseline,5,Thickness,1062,54.99778007192444
XGBBaseline,5,Thickness,1110,54.81625553830131
XGBBaseline,5,Thickness,1159,54.695405903834654
XGBBaseline,5,MAX,7,1984.3519069406625
XGBBaseline,5,MAX,55,761.5152005465735
XGBBaseline,5,MAX,103,371.0254525467603
XGBBaseline,5,MAX,152,228.52477408728387
XGBBaseline,5,MAX,200,162.3537034626606
XGBBaseline,5,MAX,248,124.80319820068543
XGBBaseline,5,MAX,296,103.71441470735692
XGBBaseline,5,MAX,345,91.26137221091028
XGBBaseline,5,MAX,393,81.83249773269698
XGBBaseline,5,MAX,441,74.77454026231207
XGBBaseline,5,MAX,489,69.3791096798496
XGBBaseline,5,MAX,538,65.41511930595753
XGBBaseline,5,MAX,586,62.79057730958021
XGBBaseline,5,MAX,634,60.69851691417402
XGBBaseline,5,MAX,682,59.27059988603872
XGBBaseline,5,MAX,730,58.30892412225574
XGBBaseline,5,MAX,779,57.373411932319286
XGBBaseline,5,MAX,827,56.757393345212286
XGBBaseline,5,MAX,875,56.31424525253333
XGBBaseline,5,MAX,923,55.97835246194525
XGBBaseline,5,MAX,972,55.72286912127838
XGBBaseline,5,MAX,1020,55.56266945887422
XGBBaseline,5,MAX,1068,55.46361075895985
XGBBaseline,5,MAX,1116,55.37072169403982
XGBBaseline,5,MAX,1165,55.2496868314561
XGBBaseline,5,MIN,13,1652.89750211178
XGBBaseline,5,MIN,61,672.8227362070996
XGBBaseline,5,MIN,109,355.46275056232764
XGBBaseline,5,MIN,158,225.21026252412267
XGBBaseline,5,MIN,206,162.70008120553956
XGBBaseline,5,MIN,254,127.72924193319109
XGBBaseline,5,MIN,302,108.14243139303191
XGBBaseline,5,MIN,350,93.3082578386605
XGBBaseline,5,MIN,399,83.17519873726671
XGBBaseline,5,MIN,447,75.33629933916403
XGBBaseline,5,MIN,495,70.41259512898938
XGBBaseline,5,MIN,543,66.0944724830827
XGBBaseline,5,MIN,592,63.18561148203859
XGBBaseline,5,MIN,640,60.99307435129331
XGBBaseline,5,MIN,688,59.497646211018605
XGBBaseline,5,MIN,736,58.33037065836164
XGBBaseline,5,MIN,785,57.38372842442803
XGBBaseline,5,MIN,833,56.78109860765132
XGBBaseline,5,MIN,881,56.3477231403774
XGBBaseline,5,MIN,929,55.99642500265084
XGBBaseline,5,MIN,978,55.74010406045342
XGBBaseline,5,MIN,1026,55.556071314129646
XGBBaseline,5,MIN,1074,55.355936187345684
XGBBaseline,5,MIN,1122,55.23379918833475
XGBBaseline,5,MIN,1170,55.14977234715141
XGBBaseline,5,Deposition_Rate,19,1604.56917603995
XGBBaseline,5,Deposition_Rate,67,654.1884668854258
XGBBaseline,5,Deposition_Rate,115,301.6026844483414
XGBBaseline,5,Deposition_Rate,163,161.5832345635131
XGBBaseline,5,Deposition_Rate,212,100.56681038283492
XGBBaseline,5,Deposition_Rate,260,75.02540611212451
XGBBaseline,5,Deposition_Rate,308,60.06559987759987
XGBBaseline,5,Deposition_Rate,356,52.396043366607636
XGBBaseline,5,Deposition_Rate,405,47.09107461426767
XGBBaseline,5,Deposition_Rate,453,43.930075969236086
XGBBaseline,5,Deposition_Rate,501,41.58707934431576
XGBBaseline,5,Deposition_Rate,549,40.036148557391684
XGBBaseline,5,Deposition_Rate,598,38.881202311298864
XGBBaseline,5,Deposition_Rate,646,38.02931666730015
XGBBaseline,5,Deposition_Rate,694,37.34199030079876
XGBBaseline,5,Deposition_Rate,742,36.75997969718911
XGBBaseline,5,Deposition_Rate,790,36.29292797545047
XGBBaseline,5,Deposition_Rate,839,35.94321482258053
XGBBaseline,5,Deposition_Rate,887,35.62174426025852
XGBBaseline,5,Deposition_Rate,935,35.33849309192849
XGBBaseline,5,Deposition_Rate,983,35.10867838062482
XGBBaseline,5,Deposition_Rate,1032,34.90227041040598
XGBBaseline,5,Deposition_Rate,1080,34.730735015489515
XGBBaseline,5,Deposition_Rate,1128,34.56878886788029
XGBBaseline,5,Deposition_Rate,1176,34.4309543964681
XGBBaseline,5,Uniformity_Range,25,0.7839161471515416
XGBBaseline,5,Uniformity_Range,73,0.47215353204475646
XGBBaseline,5,Uniformity_Range,121,0.34053085892548396
XGBBaseline,5,Uniformity_Range,169,0.2758910072121936
XGBBaseline,5,Uniformity_Range,218,0.23719464869684875
XGBBaseline,5,Uniformity_Range,266,0.21138664029394766
XGBBaseline,5,Uniformity_Range,314,0.19157809711968019
XGBBaseline,5,Uniformity_Range,362,0.17741549111150884
XGBBaseline,5,Uniformity_Range,411,0.16539643463021783
XGBBaseline,5,Uniformity_Range,459,0.15705222138545144
XGBBaseline,5,Uniformity_Range,507,0.1503790919733991
XGBBaseline,5,Uniformity_Range,555,0.14481768504999948
XGBBaseline,5,Uniformity_Range,603,0.14025463230733284
XGBBaseline,5,Uniformity_Range,652,0.13666314898196072
XGBBaseline,5,Uniformity_Range,700,0.1336654641447347
XGBBaseline,5,Uniformity_Range,748,0.13145463029308485
XGBBaseline,5,Uniformity_Range,796,0.12937393601591482
XGBBaseline,5,Uniformity_Range,845,0.12784604508127823
XGBBaseline,5,Uniformity_Range,893,0.12655141001310694
XGBBaseline,5,Uniformity_Range,941,0.12526655596820033
XGBBaseline,5,Uniformity_Range,989,0.12420983953268575
XGBBaseline,5,Uniformity_Range,1038,0.12320505383196345
XGBBaseline,5,Uniformity_Range,1086,0.12241235181772811
XGBBaseline,5,Uniformity_Range,1134,0.12165472836130387
XGBBaseline,5,Uniformity_Range,1182,0.12101516796634958
XGBBaseline,5,Uniformity_1sigma,31,0.41771633372641837
XGBBaseline,5,Uniformity_1sigma,79,0.2634510171847845
XGBBaseline,5,Uniformity_1sigma,127,0.20223188264420744
XGBBaseline,5,Uniformity_1sigma,175,0.17025348743896726
XGBBaseline,5,Uniformity_1sigma,223,0.14759815430165701
XGBBaseline,5,Uniformity_1sigma,272,0.13076772433379458
XGBBaseline,5,Uniformity_1sigma,320,0.12009703118682648
XGBBaseline,5,Uniformity_1sigma,368,0.1116276048878543
XGBBaseline,5,Uniformity_1sigma,416,0.10527056698860263
XGBBaseline,5,Uniformity_1sigma,465,0.10058605629322245
XGBBaseline,5,Uniformity_1sigma,513,0.09694882681246407
XGBBaseline,5,Uniformity_1sigma,561,0.09448697831952702
XGBBaseline,5,Uniformity_1sigma,609,0.09255748002305811
XGBBaseline,5,Uniformity_1sigma,658,0.09098536628480136
XGBBaseline,5,Uniformity_1sigma,706,0.08948771929577967
XGBBaseline,5,Uniformity_1sigma,754,0.08856799945699691
XGBBaseline,5,Uniformity_1sigma,802,0.08780181852444537
XGBBaseline,5,Uniformity_1sigma,851,0.08705242123974591
XGBBaseline,5,Uniformity_1sigma,899,0.08643855988551881
XGBBaseline,5,Uniformity_1sigma,947,0.08597667080050246
XGBBaseline,5,Uniformity_1sigma,995,0.08548633497578935
XGBBaseline,5,Uniformity_1sigma,1043,0.08509623659081561
XGBBaseline,5,Uniformity_1sigma,1092,0.08481536166463959
XGBBaseline,5,Uniformity_1sigma,1140,0.08451217849724647
XGBBaseline,5,Uniformity_1sigma,1188,0.0841889800125724
XGBBaseline,5,RI,36,0.00460018961324932
XGBBaseline,5,RI,85,0.00428216532113172
XGBBaseline,5,RI,133,0.00417978695340649
XGBBaseline,5,RI,181,0.00412443017738374
XGBBaseline,5,RI,229,0.00410504461559383
XGBBaseline,5,RI,278,0.00408855324403421
XGBBaseline,5,RI,326,0.00407728934245258
XGBBaseline,5,RI,374,0.00405635763404958
XGBBaseline,5,RI,422,0.00405635763404958
XGBBaseline,5,RI,471,0.00405111773747557
XGBBaseline,5,RI,519,0.00405111773747557
XGBBaseline,5,RI,567,0.00404618628125136
XGBBaseline,5,RI,615,0.00404080549672551
XGBBaseline,5,RI,663,0.00403553697247196
XGBBaseline,5,RI,712,0.00403553697247196
XGBBaseline,5,RI,760,0.00403553697247196
XGBBaseline,5,RI,808,0.00403183965610801
XGBBaseline,5,RI,856,0.00403091216326103
XGBBaseline,5,RI,905,0.00403091216326103
XGBBaseline,5,RI,953,0.00403091216326103
XGBBaseline,5,RI,1001,0.00402692374735499
XGBBaseline,5,RI,1049,0.00402692374735499
XGBBaseline,5,RI,1098,0.00402326275234041
XGBBaseline,5,RI,1146,0.00402326275234041
XGBBaseline,5,RI,1194,0.00402326275234041
XGBBaseline,5,Stress,42,51.14554943707468
XGBBaseline,5,Stress,91,36.04727559962648
XGBBaseline,5,Stress,139,29.904136779157895
XGBBaseline,5,Stress,187,25.78925359165731
XGBBaseline,5,Stress,235,23.46644723977304
XGBBaseline,5,Stress,284,21.776725089367755
XGBBaseline,5,Stress,332,20.597096133150835
XGBBaseline,5,Stress,380,19.6505872947639
XGBBaseline,5,Stress,428,18.88065751359557
XGBBaseline,5,Stress,476,18.33385915585656
XGBBaseline,5,Stress,525,17.972722471264746
XGBBaseline,5,Stress,573,17.68717589698573
XGBBaseline,5,Stress,621,17.44067131327261
XGBBaseline,5,Stress,669,17.27309788126058
XGBBaseline,5,Stress,718,17.13111935841946
XGBBaseline,5,Stress,766,17.025857492419764
XGBBaseline,5,Stress,814,16.938379327514106
XGBBaseline,5,Stress,862,16.882168470791363
XGBBaseline,5,Stress,911,16.83501723987891
XGBBaseline,5,Stress,959,16.80427851278388
XGBBaseline,5,Stress,1007,16.770608707401617
XGBBaseline,5,Stress,1055,16.735521832355882
XGBBaseline,5,Stress,1104,16.71052491137121
XGBBaseline,5,Stress,1152,16.69306150892645
XGBBaseline,5,Stress,1200,16.67772652543284
XGBBaseline,6,Thickness,1,2166.0071131977097
XGBBaseline,6,Thickness,49,857.9738285931359
XGBBaseline,6,Thickness,97,417.56350282202084
XGBBaseline,6,Thickness,146,278.09375851858914
XGBBaseline,6,Thickness,194,225.17753637715325
XGBBaseline,6,Thickness,242,194.6002729191564
XGBBaseline,6,Thickness,290,179.248358662898
XGBBaseline,6,Thickness,339,169.73245439646556
XGBBaseline,6,Thickness,387,164.1086492272228
XGBBaseline,6,Thickness,435,160.02514272629384
XGBBaseline,6,Thickness,483,157.1188517919723
XGBBaseline,6,Thickness,532,154.8283528457593
XGBBaseline,6,Thickness,580,153.43459265836142
XGBBaseline,6,Thickness,628,152.36597288449974
XGBBaseline,6,Thickness,676,151.34860927454145
XGBBaseline,6,Thickness,725,150.70456089969323
XGBBaseline,6,Thickness,773,150.19891979485183
XGBBaseline,6,Thickness,821,149.7465550620891
XGBBaseline,6,Thickness,869,149.4987262897661
XGBBaseline,6,Thickness,917,149.2262974484665
XGBBaseline,6,Thickness,966,149.06235394141416
XGBBaseline,6,Thickness,1014,149.0163318614099
XGBBaseline,6,Thickness,1062,148.83361257607604
XGBBaseline,6,Thickness,1110,148.67227732267762
XGBBaseline,6,Thickness,1159,148.56520348815064
XGBBaseline,6,MAX,7,1930.4007746997872
XGBBaseline,6,MAX,55,776.4721802769299
XGBBaseline,6,MAX,103,403.30323313564696
XGBBaseline,6,MAX,152,275.1687567753703
XGBBaseline,6,MAX,200,221.46223156590057
XGBBaseline,6,MAX,248,197.06742034694412
XGBBaseline,6,MAX,296,183.19336899902606
XGBBaseline,6,MAX,345,173.29867248460172
XGBBaseline,6,MAX,393,167.68715202161857
XGBBaseline,6,MAX,441,163.9303156280267
XGBBaseline,6,MAX,489,160.87001537605906
XGBBaseline,6,MAX,538,158.72683725648963
XGBBaseline,6,MAX,586,157.17138154856133
XGBBaseline,6,MAX,634,156.06570633456352
XGBBaseline,6,MAX,682,155.36740352978754
XGBBaseline,6,MAX,730,154.68503386459605
XGBBaseline,6,MAX,779,154.19300134915383
XGBBaseline,6,MAX,827,153.8427216923619
XGBBaseline,6,MAX,875,153.55635909248622
XGBBaseline,6,MAX,923,153.43329463332586
XGBBaseline,6,MAX,972,153.20807516068416
XGBBaseline,6,MAX,1020,153.14763418279838
XGBBaseline,6,MAX,1068,152.88366994358714
XGBBaseline,6,MAX,1116,152.7665147760847
XGBBaseline,6,MAX,1165,152.69678738785623
XGBBaseline,6,MIN,13,1613.8964718950197
XGBBaseline,6,MIN,61,628.1677840559527
XGBBaseline,6,MIN,109,330.2130983520007
XGBBaseline,6,MIN,158,230.48337935474555
XGBBaseline,6,MIN,206,196.7645314915845
XGBBaseline,6,MIN,254,178.93487307537075
XGBBaseline,6,MIN,302,168.54132589294576
XGBBaseline,6,MIN,350,162.1583826996185
XGBBaseline,6,MIN,399,157.90131838710354
XGBBaseline,6,MIN,447,155.00950413519027
XGBBaseline,6,MIN,495,152.2483486941848
XGBBaseline,6,MIN,543,150.17994207928228
XGBBaseline,6,MIN,592,148.74537617149298
XGBBaseline,6,MIN,640,147.98291437547584
XGBBaseline,6,MIN,688,147.3350126759626
XGBBaseline,6,MIN,736,146.41204350788038
XGBBaseline,6,MIN,785,145.8159975484989
XGBBaseline,6,MIN,833,145.48351032291356
XGBBaseline,6,MIN,881,145.14762134293878
XGBBaseline,6,MIN,929,144.84940209625927
XGBBaseline,6,MIN,978,144.59892983393422
XGBBaseline,6,MIN,1026,144.41837646419967
XGBBaseline,6,MIN,1074,144.3392486858909
XGBBaseline,6,MIN,1122,144.18651006780817
XGBBaseline,6,MIN,1170,144.1156845887589
XGBBaseline,6,Deposition_Rate,19,1708.8005696765024
XGBBaseline,6,Deposition_Rate,67,649.134179584624
XGBBaseline,6,Deposition_Rate,115,324.42115164798776
XGBBaseline,6,Deposition_Rate,163,212.83310757583249
XGBBaseline,6,Deposition_Rate,212,169.21080879682583
XGBBaseline,6,Deposition_Rate,260,144.16215938608303
XGBBaseline,6,Deposition_Rate,308,126.94739501653838
XGBBaseline,6,Deposition_Rate,356,111.98616284538821
XGBBaseline,6,Deposition_Rate,405,98.93526987346324
XGBBaseline,6,Deposition_Rate,453,87.80536526882211
XGBBaseline,6,Deposition_Rate,501,77.41539665588785
XGBBaseline,6,Deposition_Rate,549,69.57809405264624
XGBBaseline,6,Deposition_Rate,598,62.64370473733395
XGBBaseline,6,Deposition_Rate,646,57.561706695739055
XGBBaseline,6,Deposition_Rate,694,51.768773489813476
XGBBaseline,6,Deposition_Rate,742,46.57752815049045
XGBBaseline,6,Deposition_Rate,790,43.1315986519901
XGBBaseline,6,Deposition_Rate,839,39.96902634758059
XGBBaseline,6,Deposition_Rate,887,37.77026215102696
XGBBaseline,6,Deposition_Rate,935,35.524617713512384
XGBBaseline,6,Deposition_Rate,983,33.79626553797641
XGBBaseline,6,Deposition_Rate,1032,32.26969749795251
XGBBaseline,6,Deposition_Rate,1080,31.27710466549402
XGBBaseline,6,Deposition_Rate,1128,30.41580753710759
XGBBaseline,6,Deposition_Rate,1176,29.73649980869725
XGBBaseline,6,Uniformity_Range,25,0.7429152009790283
XGBBaseline,6,Uniformity_Range,73,0.44187878686591225
XGBBaseline,6,Uniformity_Range,121,0.30948298356301107
XGBBaseline,6,Uniformity_Range,169,0.24152033299166087
XGBBaseline,6,Uniformity_Range,218,0.199704004764244
XGBBaseline,6,Uniformity_Range,266,0.17412377921147154
XGBBaseline,6,Uniformity_Range,314,0.15383483369827275
XGBBaseline,6,Uniformity_Range,362,0.14019194721005043
XGBBaseline,6,Uniformity_Range,411,0.1287153578894802
XGBBaseline,6,Uniformity_Range,459,0.11908213300492483
XGBBaseline,6,Uniformity_Range,507,0.11222155166994942
XGBBaseline,6,Uniformity_Range,555,0.10633169938412765
XGBBaseline,6,Uniformity_Range,603,0.1017809397635144
XGBBaseline,6,Uniformity_Range,652,0.09795604182897653
XGBBaseline,6,Uniformity_Range,700,0.09443587441156821
XGBBaseline,6,Uniformity_Range,748,0.09187381798098808
XGBBaseline,6,Uniformity_Range,796,0.08950646865884847
XGBBaseline,6,Uniformity_Range,845,0.08728960097189219
XGBBaseline,6,Uniformity_Range,893,0.08583907040181349
XGBBaseline,6,Uniformity_Range,941,0.08421356629707777
XGBBaseline,6,Uniformity_Range,989,0.0829884950366429
XGBBaseline,6,Uniformity_Range,1038,0.08190316894714207
XGBBaseline,6,Uniformity_Range,1086,0.08098202543748913
XGBBaseline,6,Uniformity_Range,1134,0.080173073703954
XGBBaseline,6,Uniformity_Range,1182,0.07943564561147283
XGBBaseline,6,Uniformity_1sigma,31,0.40754746628879807
XGBBaseline,6,Uniformity_1sigma,79,0.2549729035535731
XGBBaseline,6,Uniformity_1sigma,127,0.19100981263204234
XGBBaseline,6,Uniformity_1sigma,175,0.15239813018113785
XGBBaseline,6,Uniformity_1sigma,223,0.13010724771855806
XGBBaseline,6,Uniformity_1sigma,272,0.11303344119413092
XGBBaseline,6,Uniformity_1sigma,320,0.10067738604450004
XGBBaseline,6,Uniformity_1sigma,368,0.09188806513400401
XGBBaseline,6,Uniformity_1sigma,416,0.08514711401757484
XGBBaseline,6,Uniformity_1sigma,465,0.07983203471731701
XGBBaseline,6,Uniformity_1sigma,513,0.07539253490863441
XGBBaseline,6,Uniformity_1sigma,561,0.07188429305815777
XGBBaseline,6,Uniformity_1sigma,609,0.06892767036237395
XGBBaseline,6,Uniformity_1sigma,658,0.06641530050397858
XGBBaseline,6,Uniformity_1sigma,706,0.06385761647460571
XGBBaseline,6,Uniformity_1sigma,754,0.06217564477726897
XGBBaseline,6,Uniformity_1sigma,802,0.06074256455367726
XGBBaseline,6,Uniformity_1sigma,851,0.05957870158513621
XGBBaseline,6,Uniformity_1sigma,899,0.05850216935642836
XGBBaseline,6,Uniformity_1sigma,947,0.05755547214517735
XGBBaseline,6,Uniformity_1sigma,995,0.05669125783299084
XGBBaseline,6,Uniformity_1sigma,1043,0.05600424347596109
XGBBaseline,6,Uniformity_1sigma,1092,0.055410735103379
XGBBaseline,6,Uniformity_1sigma,1140,0.05489636482001103
XGBBaseline,6,Uniformity_1sigma,1188,0.05442093949410049
XGBBaseline,6,RI,36,0.00445562501733569
XGBBaseline,6,RI,85,0.00401032841149891
XGBBaseline,6,RI,133,0.00386552596916155
XGBBaseline,6,RI,181,0.00381370928927574
XGBBaseline,6,RI,229,0.00377741465513453
XGBBaseline,6,RI,278,0.00375252845329134
XGBBaseline,6,RI,326,0.00373163838542852
XGBBaseline,6,RI,374,0.00371770743415807
XGBBaseline,6,RI,422,0.00371394646748203
XGBBaseline,6,RI,471,0.00370016167745378
XGBBaseline,6,RI,519,0.0036957136042996
XGBBaseline,6,RI,567,0.00368421286679202
XGBBaseline,6,RI,615,0.00368421286679202
XGBBaseline,6,RI,663,0.0036761437772835
XGBBaseline,6,RI,712,0.00367514358869817
XGBBaseline,6,RI,760,0.00367165877382796
XGBBaseline,6,RI,808,0.00366627759603357
XGBBaseline,6,RI,856,0.00366051118773618
XGBBaseline,6,RI,905,0.00366051118773618
XGBBaseline,6,RI,953,0.00366051118773618
XGBBaseline,6,RI,1001,0.00365831579684523
XGBBaseline,6,RI,1049,0.00364742834342781
XGBBaseline,6,RI,1098,0.00364637174780722
XGBBaseline,6,RI,1146,0.00363301287038864
XGBBaseline,6,RI,1194,0.00363104435978377
XGBBaseline,6,Stress,42,52.03534784199525
XGBBaseline,6,Stress,91,36.070466359453164
XGBBaseline,6,Stress,139,29.584199844270703
XGBBaseline,6,Stress,187,25.82324390088254
XGBBaseline,6,Stress,235,23.551141100258924
XGBBaseline,6,Stress,284,21.58421693567206
XGBBaseline,6,Stress,332,20.211453746365997
XGBBaseline,6,Stress,380,18.998864998006066
XGBBaseline,6,Stress,428,17.94034571780195
XGBBaseline,6,Stress,476,17.099684306569046
XGBBaseline,6,Stress,525,16.429404986615676
XGBBaseline,6,Stress,573,15.95366642985285
XGBBaseline,6,Stress,621,15.513966235780972
XGBBaseline,6,Stress,669,15.18375236600843
XGBBaseline,6,Stress,718,14.891136722481589
XGBBaseline,6,Stress,766,14.697283148081263
XGBBaseline,6,Stress,814,14.514461605358195
XGBBaseline,6,Stress,862,14.360918029758238
XGBBaseline,6,Stress,911,14.233261674702469
XGBBaseline,6,Stress,959,14.137699197393307
XGBBaseline,6,Stress,1007,14.065173435561107
XGBBaseline,6,Stress,1055,13.997290125222627
XGBBaseline,6,Stress,1104,13.93763227090223
XGBBaseline,6,Stress,1152,13.890725386105942
XGBBaseline,6,Stress,1200,13.854359927105927
XGBBaseline,7,Thickness,1,1857.5475793996789
XGBBaseline,7,Thickness,49,773.9135934296512
XGBBaseline,7,Thickness,97,434.190715254224
XGBBaseline,7,Thickness,146,290.156622156423
XGBBaseline,7,Thickness,194,214.37784627159778
XGBBaseline,7,Thickness,242,173.23447283356364
XGBBaseline,7,Thickness,290,142.20623705199287
XGBBaseline,7,Thickness,339,119.78474806486695
XGBBaseline,7,Thickness,387,102.66307442379507
XGBBaseline,7,Thickness,435,90.5141743236666
XGBBaseline,7,Thickness,483,79.93038374770501
XGBBaseline,7,Thickness,532,71.00457405477849
XGBBaseline,7,Thickness,580,63.427605336970935
XGBBaseline,7,Thickness,628,57.93340652349667
XGBBaseline,7,Thickness,676,53.27112985966605
XGBBaseline,7,Thickness,725,49.127213904263066
XGBBaseline,7,Thickness,773,46.191826248911674
XGBBaseline,7,Thickness,821,43.370427226721006
XGBBaseline,7,Thickness,869,41.42903452116683
XGBBaseline,7,Thickness,917,39.45195717466252
XGBBaseline,7,Thickness,966,37.809357458869016
XGBBaseline,7,Thickness,1014,36.5751480107062
XGBBaseline,7,Thickness,1062,35.50169445692434
XGBBaseline,7,Thickness,1110,34.52387199190568
XGBBaseline,7,Thickness,1159,33.70746931349704
XGBBaseline,7,MAX,7,1679.1407773406236
XGBBaseline,7,MAX,55,686.7953685919933
XGBBaseline,7,MAX,103,379.9643257760981
XGBBaseline,7,MAX,152,261.1667114861697
XGBBaseline,7,MAX,200,204.64122480799946
XGBBaseline,7,MAX,248,167.26008307555375
XGBBaseline,7,MAX,296,141.43223733126757
XGBBaseline,7,MAX,345,119.99880635822187
XGBBaseline,7,MAX,393,103.9144826240462
XGBBaseline,7,MAX,441,89.52319675964868
XGBBaseline,7,MAX,489,78.71684181355819
XGBBaseline,7,MAX,538,69.374335082742
XGBBaseline,7,MAX,586,62.74485959438693
XGBBaseline,7,MAX,634,57.461479460804725
XGBBaseline,7,MAX,682,53.75635257725345
XGBBaseline,7,MAX,730,50.22979067443839
XGBBaseline,7,MAX,779,47.103012420517835
XGBBaseline,7,MAX,827,44.463207853550685
XGBBaseline,7,MAX,875,42.44750558069335
XGBBaseline,7,MAX,923,40.82065964953548
XGBBaseline,7,MAX,972,39.38398769256494
XGBBaseline,7,MAX,1020,38.19433878452855
XGBBaseline,7,MAX,1068,37.16328884430817
XGBBaseline,7,MAX,1116,36.29529417838752
XGBBaseline,7,MAX,1165,35.616315964979336
XGBBaseline,7,MIN,13,1369.709027515097
XGBBaseline,7,MIN,61,612.332259966629
XGBBaseline,7,MIN,109,354.0420067123015
XGBBaseline,7,MIN,158,245.10009213042704
XGBBaseline,7,MIN,206,192.65841827701078
XGBBaseline,7,MIN,254,158.1427432506923
XGBBaseline,7,MIN,302,132.83670559296934
XGBBaseline,7,MIN,350,112.12493121971993
XGBBaseline,7,MIN,399,95.71328428779405
XGBBaseline,7,MIN,447,81.4517376556075
XGBBaseline,7,MIN,495,72.0636094229701
XGBBaseline,7,MIN,543,63.957908331732995
XGBBaseline,7,MIN,592,57.0710613490826
XGBBaseline,7,MIN,640,51.95134895594434
XGBBaseline,7,MIN,688,47.701041631282486
XGBBaseline,7,MIN,736,44.309192170304016
XGBBaseline,7,MIN,785,41.662364002956394
XGBBaseline,7,MIN,833,39.041019088160766
XGBBaseline,7,MIN,881,36.81305836226996
XGBBaseline,7,MIN,929,34.87007343728855
XGBBaseline,7,MIN,978,33.34445213299685
XGBBaseline,7,MIN,1026,32.13065887342298
XGBBaseline,7,MIN,1074,31.11000308147104
XGBBaseline,7,MIN,1122,30.17903491684388
XGBBaseline,7,MIN,1170,29.489374464009643
XGBBaseline,7,Deposition_Rate,19,1845.601358707278
XGBBaseline,7,Deposition_Rate,67,696.8200795577409
XGBBaseline,7,Deposition_Rate,115,348.57069949639134
XGBBaseline,7,Deposition_Rate,163,238.29805371973106
XGBBaseline,7,Deposition_Rate,212,189.38813928779857
XGBBaseline,7,Deposition_Rate,260,162.88390177575639
XGBBaseline,7,Deposition_Rate,308,139.53108558633193
XGBBaseline,7,Deposition_Rate,356,123.79918942550637
XGBBaseline,7,Deposition_Rate,405,108.67366187021652
XGBBaseline,7,Deposition_Rate,453,100.10252272739334
XGBBaseline,7,Deposition_Rate,501,92.14017273336135
XGBBaseline,7,Deposition_Rate,549,86.92972337832455
XGBBaseline,7,Deposition_Rate,598,82.11914167793137
XGBBaseline,7,Deposition_Rate,646,78.15788189770602
XGBBaseline,7,Deposition_Rate,694,75.10965444346465
XGBBaseline,7,Deposition_Rate,742,72.53461651381889
XGBBaseline,7,Deposition_Rate,790,70.56049853294128
XGBBaseline,7,Deposition_Rate,839,68.8246038366734
XGBBaseline,7,Deposition_Rate,887,67.52399297114475
XGBBaseline,7,Deposition_Rate,935,66.21769367738035
XGBBaseline,7,Deposition_Rate,983,65.18619708326777
XGBBaseline,7,Deposition_Rate,1032,64.35352747497603
XGBBaseline,7,Deposition_Rate,1080,63.71434189357005
XGBBaseline,7,Deposition_Rate,1128,63.120410141421075
XGBBaseline,7,Deposition_Rate,1176,62.63185795554221
XGBBaseline,7,Uniformity_Range,25,0.8531885176279136
XGBBaseline,7,Uniformity_Range,73,0.4684938156294264
XGBBaseline,7,Uniformity_Range,121,0.326930373146712
XGBBaseline,7,Uniformity_Range,169,0.2636907151153656
XGBBaseline,7,Uniformity_Range,218,0.22511191078744508
XGBBaseline,7,Uniformity_Range,266,0.19864004407591168
XGBBaseline,7,Uniformity_Range,314,0.18009244027884752
XGBBaseline,7,Uniformity_Range,362,0.16449307360260043
XGBBaseline,7,Uniformity_Range,411,0.1503520014525654
XGBBaseline,7,Uniformity_Range,459,0.13840494292559455
XGBBaseline,7,Uniformity_Range,507,0.1279402240520341
XGBBaseline,7,Uniformity_Range,555,0.11880721551751788
XGBBaseline,7,Uniformity_Range,603,0.1115165971791416
XGBBaseline,7,Uniformity_Range,652,0.10484612963880277
XGBBaseline,7,Uniformity_Range,700,0.09875493192813306
XGBBaseline,7,Uniformity_Range,748,0.09359600648779327
XGBBaseline,7,Uniformity_Range,796,0.08939138590594778
XGBBaseline,7,Uniformity_Range,845,0.08530892353653598
XGBBaseline,7,Uniformity_Range,893,0.0819396167437262
XGBBaseline,7,Uniformity_Range,941,0.07882870795239143
XGBBaseline,7,Uniformity_Range,989,0.07556131345167869
XGBBaseline,7,Uniformity_Range,1038,0.07311726619817262
XGBBaseline,7,Uniformity_Range,1086,0.07095940063381947
XGBBaseline,7,Uniformity_Range,1134,0.06897569433929462
XGBBaseline,7,Uniformity_Range,1182,0.06725457942223287
XGBBaseline,7,Uniformity_1sigma,31,0.4439920297203175
XGBBaseline,7,Uniformity_1sigma,79,0.25803349585512697
XGBBaseline,7,Uniformity_1sigma,127,0.190263801034148
XGBBaseline,7,Uniformity_1sigma,175,0.15547807421422524
XGBBaseline,7,Uniformity_1sigma,223,0.13382669421361082
XGBBaseline,7,Uniformity_1sigma,272,0.11889798230271069
XGBBaseline,7,Uniformity_1sigma,320,0.10822364713165504
XGBBaseline,7,Uniformity_1sigma,368,0.10007024475500581
XGBBaseline,7,Uniformity_1sigma,416,0.09149358469589777
XGBBaseline,7,Uniformity_1sigma,465,0.08562299700586049
XGBBaseline,7,Uniformity_1sigma,513,0.07948911203659166
XGBBaseline,7,Uniformity_1sigma,561,0.07396346730376431
XGBBaseline,7,Uniformity_1sigma,609,0.06984349337069415
XGBBaseline,7,Uniformity_1sigma,658,0.0660393608436222
XGBBaseline,7,Uniformity_1sigma,706,0.06261189588422576
XGBBaseline,7,Uniformity_1sigma,754,0.05978884594838636
XGBBaseline,7,Uniformity_1sigma,802,0.05674485051482429
XGBBaseline,7,Uniformity_1sigma,851,0.05420460177018901
XGBBaseline,7,Uniformity_1sigma,899,0.05183079337604723
XGBBaseline,7,Uniformity_1sigma,947,0.04988032812522322
XGBBaseline,7,Uniformity_1sigma,995,0.04795608067039064
XGBBaseline,7,Uniformity_1sigma,1043,0.04629195109533597
XGBBaseline,7,Uniformity_1sigma,1092,0.04460593890595831
XGBBaseline,7,Uniformity_1sigma,1140,0.04313394001503009
XGBBaseline,7,Uniformity_1sigma,1188,0.04184989534228127
XGBBaseline,7,RI,36,0.00482670747339236
XGBBaseline,7,RI,85,0.00452004911704633
XGBBaseline,7,RI,133,0.00440327558241884
XGBBaseline,7,RI,181,0.00434396729536419
XGBBaseline,7,RI,229,0.00432267104690728
XGBBaseline,7,RI,278,0.00431234476711854
XGBBaseline,7,RI,326,0.00430183482899009
XGBBaseline,7,RI,374,0.00429458097387108
XGBBaseline,7,RI,422,0.00429011601014063
XGBBaseline,7,RI,471,0.00428198734510303
XGBBaseline,7,RI,519,0.00428198734510303
XGBBaseline,7,RI,567,0.00428006920882874
XGBBaseline,7,RI,615,0.00428006920882874
XGBBaseline,7,RI,663,0.00427440263681702
XGBBaseline,7,RI,712,0.00427440263681702
XGBBaseline,7,RI,760,0.00427440263681702
XGBBaseline,7,RI,808,0.00427230814674659
XGBBaseline,7,RI,856,0.00426915201073063
XGBBaseline,7,RI,905,0.00426915201073063
XGBBaseline,7,RI,953,0.00426915201073063
XGBBaseline,7,RI,1001,0.00426915201073063
XGBBaseline,7,RI,1049,0.00426030506559738
XGBBaseline,7,RI,1098,0.00426030506559738
XGBBaseline,7,RI,1146,0.0042588645988156
XGBBaseline,7,RI,1194,0.0042588645988156
XGBBaseline,7,Stress,42,52.3614423738442
XGBBaseline,7,Stress,91,37.65107744044854
XGBBaseline,7,Stress,139,30.085734505004712
XGBBaseline,7,Stress,187,25.32929653947951
XGBBaseline,7,Stress,235,22.204451694917736
XGBBaseline,7,Stress,284,19.818504046375953
XGBBaseline,7,Stress,332,17.904754968822427
XGBBaseline,7,Stress,380,16.28891981538304
XGBBaseline,7,Stress,428,14.816046419896152
XGBBaseline,7,Stress,476,13.540325399963429
XGBBaseline,7,Stress,525,12.57311255642677
XGBBaseline,7,Stress,573,11.660348533361962
XGBBaseline,7,Stress,621,10.917010277254114
XGBBaseline,7,Stress,669,10.357575287413756
XGBBaseline,7,Stress,718,9.676056596875247
XGBBaseline,7,Stress,766,9.16104085960458
XGBBaseline,7,Stress,814,8.674002429768525
XGBBaseline,7,Stress,862,8.25005121413481
XGBBaseline,7,Stress,911,7.83856642218764
XGBBaseline,7,Stress,959,7.497829725870797
XGBBaseline,7,Stress,1007,7.136846208784748
XGBBaseline,7,Stress,1055,6.842619186650095
XGBBaseline,7,Stress,1104,6.539754051457814
XGBBaseline,7,Stress,1152,6.28276986395844
XGBBaseline,7,Stress,1200,6.0929437001127305
XGBBaseline,8,Thickness,1,2053.9657366859456
XGBBaseline,8,Thickness,49,775.0800245087013
XGBBaseline,8,Thickness,97,437.84431717405766
XGBBaseline,8,Thickness,146,307.895877287509
XGBBaseline,8,Thickness,194,248.82364113719638
XGBBaseline,8,Thickness,242,220.62892883251618
XGBBaseline,8,Thickness,290,203.57462300345
XGBBaseline,8,Thickness,339,191.88703166798282
XGBBaseline,8,Thickness,387,183.53854119585122
XGBBaseline,8,Thickness,435,177.45360885692537
XGBBaseline,8,Thickness,483,172.89132287770244
XGBBaseline,8,Thickness,532,169.49000997042796
XGBBaseline,8,Thickness,580,167.08168137211487
XGBBaseline,8,Thickness,628,165.0892936485748
XGBBaseline,8,Thickness,676,163.87163865265973
XGBBaseline,8,Thickness,725,162.78076466415305
XGBBaseline,8,Thickness,773,162.02934715746923
XGBBaseline,8,Thickness,821,161.4555018784771
XGBBaseline,8,Thickness,869,160.9613028995346
XGBBaseline,8,Thickness,917,160.50215620447636
XGBBaseline,8,Thickness,966,160.2555605843676
XGBBaseline,8,Thickness,1014,159.9986593873857
XGBBaseline,8,Thickness,1062,159.84684943222842
XGBBaseline,8,Thickness,1110,159.7346184269705
XGBBaseline,8,Thickness,1159,159.6635518545253
XGBBaseline,8,MAX,7,1893.7604869027214
XGBBaseline,8,MAX,55,826.5508780488109
XGBBaseline,8,MAX,103,550.3053635143494
XGBBaseline,8,MAX,152,456.2138790755977
XGBBaseline,8,MAX,200,420.58738242096797
XGBBaseline,8,MAX,248,402.03987212385175
XGBBaseline,8,MAX,296,392.07607018193244
XGBBaseline,8,MAX,345,385.46637939576027
XGBBaseline,8,MAX,393,380.5200019883662
XGBBaseline,8,MAX,441,376.15388384243187
XGBBaseline,8,MAX,489,372.80331110557455
XGBBaseline,8,MAX,538,370.85048804850777
XGBBaseline,8,MAX,586,369.0585905858431
XGBBaseline,8,MAX,634,367.7608544585243
XGBBaseline,8,MAX,682,366.36014134008394
XGBBaseline,8,MAX,730,364.95890354931134
XGBBaseline,8,MAX,779,364.36969156429905
XGBBaseline,8,MAX,827,363.0171293596557
XGBBaseline,8,MAX,875,363.1246555628972
XGBBaseline,8,MAX,923,362.09754866474907
XGBBaseline,8,MAX,972,361.63975519824515
XGBBaseline,8,MAX,1020,361.21212005060227
XGBBaseline,8,MAX,1068,361.0131298760616
XGBBaseline,8,MAX,1116,360.8890330991833
XGBBaseline,8,MAX,1165,360.6148453895368
XGBBaseline,8,MIN,13,1527.4268983946552
XGBBaseline,8,MIN,61,664.2015534823848
XGBBaseline,8,MIN,109,415.0379103892483
XGBBaseline,8,MIN,158,298.66828216110054
XGBBaseline,8,MIN,206,245.8086332604652
XGBBaseline,8,MIN,254,219.50985003738273
XGBBaseline,8,MIN,302,201.8517749295655
XGBBaseline,8,MIN,350,190.60491746023857
XGBBaseline,8,MIN,399,180.7923205312844
XGBBaseline,8,MIN,447,174.21455508021862
XGBBaseline,8,MIN,495,169.02896681834727
XGBBaseline,8,MIN,543,165.74031223212071
XGBBaseline,8,MIN,592,163.25803947441491
XGBBaseline,8,MIN,640,161.1297020472269
XGBBaseline,8,MIN,688,159.8053473502091
XGBBaseline,8,MIN,736,158.52946454310424
XGBBaseline,8,MIN,785,157.79627344860097
XGBBaseline,8,MIN,833,156.85325065112013
XGBBaseline,8,MIN,881,156.2893943375097
XGBBaseline,8,MIN,929,155.9053048754647
XGBBaseline,8,MIN,978,155.48863915293416
XGBBaseline,8,MIN,1026,155.3925041309967
XGBBaseline,8,MIN,1074,155.0298975685588
XGBBaseline,8,MIN,1122,154.88551632166786
XGBBaseline,8,MIN,1170,154.8332060950797
XGBBaseline,8,Deposition_Rate,19,1849.7153384045066
XGBBaseline,8,Deposition_Rate,67,720.4601024339532
XGBBaseline,8,Deposition_Rate,115,367.27263434896446
XGBBaseline,8,Deposition_Rate,163,268.74950452084954
XGBBaseline,8,Deposition_Rate,212,226.63295785186497
XGBBaseline,8,Deposition_Rate,260,197.64914054807485
XGBBaseline,8,Deposition_Rate,308,177.06376669924947
XGBBaseline,8,Deposition_Rate,356,156.81372388634486
XGBBaseline,8,Deposition_Rate,405,137.51511523397812
XGBBaseline,8,Deposition_Rate,453,122.2497375216637
XGBBaseline,8,Deposition_Rate,501,110.6163542530722
XGBBaseline,8,Deposition_Rate,549,100.76092174860678
XGBBaseline,8,Deposition_Rate,598,93.24078287385119
XGBBaseline,8,Deposition_Rate,646,87.18403875039289
XGBBaseline,8,Deposition_Rate,694,81.86023116404051
XGBBaseline,8,Deposition_Rate,742,77.48829541730572
XGBBaseline,8,Deposition_Rate,790,74.11449445849838
XGBBaseline,8,Deposition_Rate,839,71.64216658085361
XGBBaseline,8,Deposition_Rate,887,69.41639066891274
XGBBaseline,8,Deposition_Rate,935,67.87020930941185
XGBBaseline,8,Deposition_Rate,983,66.63301689358381
XGBBaseline,8,Deposition_Rate,1032,65.69527215971658
XGBBaseline,8,Deposition_Rate,1080,64.97523543359902
XGBBaseline,8,Deposition_Rate,1128,64.4102792524902
XGBBaseline,8,Deposition_Rate,1176,63.990689337041566
XGBBaseline,8,Uniformity_Range,25,0.6435577310336417
XGBBaseline,8,Uniformity_Range,73,0.46061992333341906
XGBBaseline,8,Uniformity_Range,121,0.37848834895808037
XGBBaseline,8,Uniformity_Range,169,0.31148009166281515
XGBBaseline,8,Uniformity_Range,218,0.2601442477830967
XGBBaseline,8,Uniformity_Range,266,0.2220124453887174
XGBBaseline,8,Uniformity_Range,314,0.19782374793508506
XGBBaseline,8,Uniformity_Range,362,0.17835770772451615
XGBBaseline,8,Uniformity_Range,411,0.16326183542693107
XGBBaseline,8,Uniformity_Range,459,0.15204220187296733
XGBBaseline,8,Uniformity_Range,507,0.14384763618461568
XGBBaseline,8,Uniformity_Range,555,0.13680473299947354
XGBBaseline,8,Uniformity_Range,603,0.13150109709525712
XGBBaseline,8,Uniformity_Range,652,0.12703832068053272
XGBBaseline,8,Uniformity_Range,700,0.12368379114788446
XGBBaseline,8,Uniformity_Range,748,0.12093673414458016
XGBBaseline,8,Uniformity_Range,796,0.11893172785118328
XGBBaseline,8,Uniformity_Range,845,0.11718202972248838
XGBBaseline,8,Uniformity_Range,893,0.11581902392146241
XGBBaseline,8,Uniformity_Range,941,0.11460867187142268
XGBBaseline,8,Uniformity_Range,989,0.11357412675767131
XGBBaseline,8,Uniformity_Range,1038,0.11285680046299994
XGBBaseline,8,Uniformity_Range,1086,0.11222608098489996
XGBBaseline,8,Uniformity_Range,1134,0.11166260238343739
XGBBaseline,8,Uniformity_Range,1182,0.11113816760697327
XGBBaseline,8,Uniformity_1sigma,31,0.3360681796268989
XGBBaseline,8,Uniformity_1sigma,79,0.25299206759046694
XGBBaseline,8,Uniformity_1sigma,127,0.20943504437540253
XGBBaseline,8,Uniformity_1sigma,175,0.17705666745619897
XGBBaseline,8,Uniformity_1sigma,223,0.15287968090351617
XGBBaseline,8,Uniformity_1sigma,272,0.13488940327954307
XGBBaseline,8,Uniformity_1sigma,320,0.1216127989607411
XGBBaseline,8,Uniformity_1sigma,368,0.11208154747930082
XGBBaseline,8,Uniformity_1sigma,416,0.10459920035829824
XGBBaseline,8,Uniformity_1sigma,465,0.09884761821283164
XGBBaseline,8,Uniformity_1sigma,513,0.09450570144994852
XGBBaseline,8,Uniformity_1sigma,561,0.09101126659127255
XGBBaseline,8,Uniformity_1sigma,609,0.0879640460704823
XGBBaseline,8,Uniformity_1sigma,658,0.08565808113779251
XGBBaseline,8,Uniformity_1sigma,706,0.08376341655383894
XGBBaseline,8,Uniformity_1sigma,754,0.0819612912469336
XGBBaseline,8,Uniformity_1sigma,802,0.0807308175538793
XGBBaseline,8,Uniformity_1sigma,851,0.0797859985831428
XGBBaseline,8,Uniformity_1sigma,899,0.07895720366223631
XGBBaseline,8,Uniformity_1sigma,947,0.07813792076514575
XGBBaseline,8,Uniformity_1sigma,995,0.07746363595461406
XGBBaseline,8,Uniformity_1sigma,1043,0.0768524039936784
XGBBaseline,8,Uniformity_1sigma,1092,0.07641519442654743
XGBBaseline,8,Uniformity_1sigma,1140,0.0760119159453354
XGBBaseline,8,Uniformity_1sigma,1188,0.07566439887624864
XGBBaseline,8,RI,36,0.00388478970495299
XGBBaseline,8,RI,85,0.0036812533463773
XGBBaseline,8,RI,133,0.00361341969927655
XGBBaseline,8,RI,181,0.0035864603036344
XGBBaseline,8,RI,229,0.00355357487960057
XGBBaseline,8,RI,278,0.00353740420272671
XGBBaseline,8,RI,326,0.00351960120769087
XGBBaseline,8,RI,374,0.00349997285323505
XGBBaseline,8,RI,422,0.00348343876079904
XGBBaseline,8,RI,471,0.00347974436939316
XGBBaseline,8,RI,519,0.00347516012205692
XGBBaseline,8,RI,567,0.00346959469837311
XGBBaseline,8,RI,615,0.00345947488833401
XGBBaseline,8,RI,663,0.00345633892836125
XGBBaseline,8,RI,712,0.00345633892836125
XGBBaseline,8,RI,760,0.00345111020079964
XGBBaseline,8,RI,808,0.00345111020079964
XGBBaseline,8,RI,856,0.00344880192047359
XGBBaseline,8,RI,905,0.00344880192047359
XGBBaseline,8,RI,953,0.00344880192047359
XGBBaseline,8,RI,1001,0.00344556312849096
XGBBaseline,8,RI,1049,0.00344556312849096
XGBBaseline,8,RI,1098,0.00344556312849096
XGBBaseline,8,RI,1146,0.00344104446315028
XGBBaseline,8,RI,1194,0.00344104446315028
XGBBaseline,8,Stress,42,39.81267339007777
XGBBaseline,8,Stress,91,26.938309163479293
XGBBaseline,8,Stress,139,22.10236541171658
XGBBaseline,8,Stress,187,20.078724630453124
XGBBaseline,8,Stress,235,19.028526887686358
XGBBaseline,8,Stress,284,18.374192216517923
XGBBaseline,8,Stress,332,18.01194309272253
XGBBaseline,8,Stress,380,17.782605457885825
XGBBaseline,8,Stress,428,17.610304705317994
XGBBaseline,8,Stress,476,17.479871513228936
XGBBaseline,8,Stress,525,17.40814314997367
XGBBaseline,8,Stress,573,17.328625447832366
XGBBaseline,8,Stress,621,17.28422524877767
XGBBaseline,8,Stress,669,17.249238001325516
XGBBaseline,8,Stress,718,17.208425253746647
XGBBaseline,8,Stress,766,17.186208069147803
XGBBaseline,8,Stress,814,17.166450534693322
XGBBaseline,8,Stress,862,17.15650747015229
XGBBaseline,8,Stress,911,17.145196725896685
XGBBaseline,8,Stress,959,17.139746577425345
XGBBaseline,8,Stress,1007,17.130310710034003
XGBBaseline,8,Stress,1055,17.11430681787217
XGBBaseline,8,Stress,1104,17.1127119803195
XGBBaseline,8,Stress,1152,17.103754125839128
XGBBaseline,8,Stress,1200,17.099985180927003
XGBBaseline,9,Thickness,1,2118.6521602933076
XGBBaseline,9,Thickness,49,804.6919398172356
XGBBaseline,9,Thickness,97,397.3334613251033
XGBBaseline,9,Thickness,146,250.3335231193678
XGBBaseline,9,Thickness,194,199.02007095560268
XGBBaseline,9,Thickness,242,181.40047446614452
XGBBaseline,9,Thickness,290,173.14933855943627
XGBBaseline,9,Thickness,339,168.55429445396604
XGBBaseline,9,Thickness,387,165.6634278304156
XGBBaseline,9,Thickness,435,163.90352635591847
XGBBaseline,9,Thickness,483,162.68998437149497
XGBBaseline,9,Thickness,532,161.85427542014435
XGBBaseline,9,Thickness,580,160.93551189079145
XGBBaseline,9,Thickness,628,160.36917687725676
XGBBaseline,9,Thickness,676,159.95272779874216
XGBBaseline,9,Thickness,725,159.6423009548145
XGBBaseline,9,Thickness,773,159.50022382848024
XGBBaseline,9,Thickness,821,159.31213128839752
XGBBaseline,9,Thickness,869,159.02787244288254
XGBBaseline,9,Thickness,917,158.88418327755429
XGBBaseline,9,Thickness,966,158.76349622104198
XGBBaseline,9,Thickness,1014,158.68882836666538
XGBBaseline,9,Thickness,1062,158.63320162196686
XGBBaseline,9,Thickness,1110,158.73832121984273
XGBBaseline,9,Thickness,1159,158.5208509372452
XGBBaseline,9,MAX,7,1888.2296647313735
XGBBaseline,9,MAX,55,733.5307078954513
XGBBaseline,9,MAX,103,369.33604053449477
XGBBaseline,9,MAX,152,243.8362038350714
XGBBaseline,9,MAX,200,198.93779767469883
XGBBaseline,9,MAX,248,182.6873651795048
XGBBaseline,9,MAX,296,175.7052208632653
XGBBaseline,9,MAX,345,171.61991669028822
XGBBaseline,9,MAX,393,169.15170756165926
XGBBaseline,9,MAX,441,167.75868538693058
XGBBaseline,9,MAX,489,166.5214752331563
XGBBaseline,9,MAX,538,165.69512516587642
XGBBaseline,9,MAX,586,165.04807588573888
XGBBaseline,9,MAX,634,164.66424435528273
XGBBaseline,9,MAX,682,164.64191724212483
XGBBaseline,9,MAX,730,164.11929166171717
XGBBaseline,9,MAX,779,163.79956511177787
XGBBaseline,9,MAX,827,163.56597212072958
XGBBaseline,9,MAX,875,163.3790492043266
XGBBaseline,9,MAX,923,163.32255292670786
XGBBaseline,9,MAX,972,163.16155557148377
XGBBaseline,9,MAX,1020,163.17717382350912
XGBBaseline,9,MAX,1068,162.97864348156727
XGBBaseline,9,MAX,1116,162.91452979820207
XGBBaseline,9,MAX,1165,162.91493628447986
XGBBaseline,9,MIN,13,1567.9923320181047
XGBBaseline,9,MIN,61,640.5897704046941
XGBBaseline,9,MIN,109,341.1672589766794
XGBBaseline,9,MIN,158,228.48326633205326
XGBBaseline,9,MIN,206,187.84427259511835
XGBBaseline,9,MIN,254,173.63227827584262
XGBBaseline,9,MIN,302,167.89890511308832
XGBBaseline,9,MIN,350,164.0174910353888
XGBBaseline,9,MIN,399,161.18014691745555
XGBBaseline,9,MIN,447,159.42610623422337
XGBBaseline,9,MIN,495,158.0330371867369
XGBBaseline,9,MIN,543,157.17137431264916
XGBBaseline,9,MIN,592,156.4674633373252
XGBBaseline,9,MIN,640,155.8140040353343
XGBBaseline,9,MIN,688,155.27125325022175
XGBBaseline,9,MIN,736,154.9679046203297
XGBBaseline,9,MIN,785,154.86769283028264
XGBBaseline,9,MIN,833,154.53774212107115
XGBBaseline,9,MIN,881,154.4050327253453
XGBBaseline,9,MIN,929,154.22680265020884
XGBBaseline,9,MIN,978,154.10006365043517
XGBBaseline,9,MIN,1026,154.02737481334196
XGBBaseline,9,MIN,1074,153.98305283539605
XGBBaseline,9,MIN,1122,153.86552994645865
XGBBaseline,9,MIN,1170,154.057636362184
XGBBaseline,9,Deposition_Rate,19,1852.3760408918808
XGBBaseline,9,Deposition_Rate,67,670.0032997399713
XGBBaseline,9,Deposition_Rate,115,293.415529513293
XGBBaseline,9,Deposition_Rate,163,178.27174642480395
XGBBaseline,9,Deposition_Rate,212,136.15831721478648
XGBBaseline,9,Deposition_Rate,260,115.32717270968983
XGBBaseline,9,Deposition_Rate,308,99.71083147354081
XGBBaseline,9,Deposition_Rate,356,87.68728943637709
XGBBaseline,9,Deposition_Rate,405,78.99378470561595
XGBBaseline,9,Deposition_Rate,453,72.326747625422
XGBBaseline,9,Deposition_Rate,501,66.75842641004924
XGBBaseline,9,Deposition_Rate,549,61.646916856582095
XGBBaseline,9,Deposition_Rate,598,57.50465614732185
XGBBaseline,9,Deposition_Rate,646,53.922010810540634
XGBBaseline,9,Deposition_Rate,694,50.85889055999937
XGBBaseline,9,Deposition_Rate,742,48.83956364681991
XGBBaseline,9,Deposition_Rate,790,46.57649819743706
XGBBaseline,9,Deposition_Rate,839,44.94186163140645
XGBBaseline,9,Deposition_Rate,887,43.46754303512227
XGBBaseline,9,Deposition_Rate,935,41.92134357152701
XGBBaseline,9,Deposition_Rate,983,40.97534841424403
XGBBaseline,9,Deposition_Rate,1032,40.00773234253191
XGBBaseline,9,Deposition_Rate,1080,39.27155923008597
XGBBaseline,9,Deposition_Rate,1128,38.579491293729475
XGBBaseline,9,Deposition_Rate,1176,37.90101029853467
XGBBaseline,9,Uniformity_Range,25,0.8243124356644983
XGBBaseline,9,Uniformity_Range,73,0.4437775744916082
XGBBaseline,9,Uniformity_Range,121,0.3098089866836486
XGBBaseline,9,Uniformity_Range,169,0.24673110590975403
XGBBaseline,9,Uniformity_Range,218,0.20785797385953558
XGBBaseline,9,Uniformity_Range,266,0.1838607976853041
XGBBaseline,9,Uniformity_Range,314,0.16761288779173486
XGBBaseline,9,Uniformity_Range,362,0.15390250007171338
XGBBaseline,9,Uniformity_Range,411,0.14457285394699615
XGBBaseline,9,Uniformity_Range,459,0.13762090614507677
XGBBaseline,9,Uniformity_Range,507,0.13223833229549806
XGBBaseline,9,Uniformity_Range,555,0.12803637575019705
XGBBaseline,9,Uniformity_Range,603,0.12505457481791146
XGBBaseline,9,Uniformity_Range,652,0.1223801280338002
XGBBaseline,9,Uniformity_Range,700,0.12033407332191577
XGBBaseline,9,Uniformity_Range,748,0.1186315929470036
XGBBaseline,9,Uniformity_Range,796,0.11749469584906568
XGBBaseline,9,Uniformity_Range,845,0.1163440575931047
XGBBaseline,9,Uniformity_Range,893,0.11557428080740663
XGBBaseline,9,Uniformity_Range,941,0.11485135992620242
XGBBaseline,9,Uniformity_Range,989,0.11424044175686093
XGBBaseline,9,Uniformity_Range,1038,0.11364112008064227
XGBBaseline,9,Uniformity_Range,1086,0.11323549974516933
XGBBaseline,9,Uniformity_Range,1134,0.11296368956616432
XGBBaseline,9,Uniformity_Range,1182,0.11282059972639416
XGBBaseline,9,Uniformity_1sigma,31,0.43577021615973777
XGBBaseline,9,Uniformity_1sigma,79,0.2564938648043256
XGBBaseline,9,Uniformity_1sigma,127,0.1875782671302625
XGBBaseline,9,Uniformity_1sigma,175,0.15675871651842704
XGBBaseline,9,Uniformity_1sigma,223,0.13754178075962897
XGBBaseline,9,Uniformity_1sigma,272,0.12406357894336756
XGBBaseline,9,Uniformity_1sigma,320,0.11448154841157243
XGBBaseline,9,Uniformity_1sigma,368,0.10711008742514277
XGBBaseline,9,Uniformity_1sigma,416,0.10236755383412384
XGBBaseline,9,Uniformity_1sigma,465,0.0982103677621428
XGBBaseline,9,Uniformity_1sigma,513,0.09507928972987448
XGBBaseline,9,Uniformity_1sigma,561,0.0927801650432335
XGBBaseline,9,Uniformity_1sigma,609,0.09085022526175629
XGBBaseline,9,Uniformity_1sigma,658,0.08932508771694647
XGBBaseline,9,Uniformity_1sigma,706,0.08830953255204128
XGBBaseline,9,Uniformity_1sigma,754,0.08753878473902925
XGBBaseline,9,Uniformity_1sigma,802,0.08683941368967131
XGBBaseline,9,Uniformity_1sigma,851,0.08611134850704108
XGBBaseline,9,Uniformity_1sigma,899,0.08557190731490905
XGBBaseline,9,Uniformity_1sigma,947,0.08506121532971318
XGBBaseline,9,Uniformity_1sigma,995,0.0846743397894027
XGBBaseline,9,Uniformity_1sigma,1043,0.08430991314504466
XGBBaseline,9,Uniformity_1sigma,1092,0.08399741781424537
XGBBaseline,9,Uniformity_1sigma,1140,0.0837876495265059
XGBBaseline,9,Uniformity_1sigma,1188,0.08361179891501859
XGBBaseline,9,RI,36,0.00488627887781966
XGBBaseline,9,RI,85,0.00450220433933459
XGBBaseline,9,RI,133,0.0043400977672795
XGBBaseline,9,RI,181,0.00427580512536684
XGBBaseline,9,RI,229,0.00424567586267932
XGBBaseline,9,RI,278,0.00422999369407084
XGBBaseline,9,RI,326,0.00422835576289919
XGBBaseline,9,RI,374,0.0042163342530921
XGBBaseline,9,RI,422,0.00420860852216194
XGBBaseline,9,RI,471,0.00420645110847749
XGBBaseline,9,RI,519,0.0042010436371862
XGBBaseline,9,RI,567,0.00419928027882121
XGBBaseline,9,RI,615,0.00419928027882121
XGBBaseline,9,RI,663,0.00419553120942162
XGBBaseline,9,RI,712,0.00419328843380289
XGBBaseline,9,RI,760,0.00419111731935334
XGBBaseline,9,RI,808,0.00418318921917276
XGBBaseline,9,RI,856,0.00418318921917276
XGBBaseline,9,RI,905,0.00418318921917276
XGBBaseline,9,RI,953,0.00418156935971028
XGBBaseline,9,RI,1001,0.00417884221251857
XGBBaseline,9,RI,1049,0.00417884221251857
XGBBaseline,9,RI,1098,0.00417884221251857
XGBBaseline,9,RI,1146,0.00417884221251857
XGBBaseline,9,RI,1194,0.00417884221251857
XGBBaseline,9,Stress,42,47.94318811102463
XGBBaseline,9,Stress,91,29.729298747131654
XGBBaseline,9,Stress,139,22.22323406062296
XGBBaseline,9,Stress,187,17.884510124965303
XGBBaseline,9,Stress,235,15.104395224586238
XGBBaseline,9,Stress,284,13.067237683463285
XGBBaseline,9,Stress,332,11.747481211256563
XGBBaseline,9,Stress,380,10.668437655709926
XGBBaseline,9,Stress,428,9.834640385273854
XGBBaseline,9,Stress,476,9.215689932407274
XGBBaseline,9,Stress,525,8.729886251596064
XGBBaseline,9,Stress,573,8.385847534131319
XGBBaseline,9,Stress,621,8.097288093165334
XGBBaseline,9,Stress,669,7.856589137628722
XGBBaseline,9,Stress,718,7.6660839788159425
XGBBaseline,9,Stress,766,7.515068577638373
XGBBaseline,9,Stress,814,7.395145791870362
XGBBaseline,9,Stress,862,7.290806164336914
XGBBaseline,9,Stress,911,7.20336753023176
XGBBaseline,9,Stress,959,7.132626991540182
XGBBaseline,9,Stress,1007,7.075668514243135
XGBBaseline,9,Stress,1055,7.022310849391577
XGBBaseline,9,Stress,1104,6.979349470548465
XGBBaseline,9,Stress,1152,6.944805687617172
XGBBaseline,9,Stress,1200,6.916260541612565
XGBBaseline,10,Thickness,1,2130.121829462177
XGBBaseline,10,Thickness,49,841.8356449197279
XGBBaseline,10,Thickness,97,462.4456382095916
XGBBaseline,10,Thickness,146,316.91086324897424
XGBBaseline,10,Thickness,194,249.98897276281835
XGBBaseline,10,Thickness,242,215.4770826942996
XGBBaseline,10,Thickness,290,196.26580471926394
XGBBaseline,10,Thickness,339,184.564948036569
XGBBaseline,10,Thickness,387,177.34180603890402
XGBBaseline,10,Thickness,435,172.33214254751732
XGBBaseline,10,Thickness,483,168.4704159545492
XGBBaseline,10,Thickness,532,166.2825609535786
XGBBaseline,10,Thickness,580,164.3633918512864
XGBBaseline,10,Thickness,628,162.91074889980362
XGBBaseline,10,Thickness,676,161.90776756148747
XGBBaseline,10,Thickness,725,161.28788401980705
XGBBaseline,10,Thickness,773,160.71672674520977
XGBBaseline,10,Thickness,821,160.42195672481984
XGBBaseline,10,Thickness,869,160.08747597675287
XGBBaseline,10,Thickness,917,159.8732476237388
XGBBaseline,10,Thickness,966,159.67569137976977
XGBBaseline,10,Thickness,1014,159.56570395307597
XGBBaseline,10,Thickness,1062,159.46984471715498
XGBBaseline,10,Thickness,1110,159.4177130347012
XGBBaseline,10,Thickness,1159,159.31089861530634
XGBBaseline,10,MAX,7,1972.1507730408453
XGBBaseline,10,MAX,55,863.5283293219733
XGBBaseline,10,MAX,103,559.9584585190953
XGBBaseline,10,MAX,152,460.2453422575073
XGBBaseline,10,MAX,200,420.8742182505598
XGBBaseline,10,MAX,248,402.7969320418978
XGBBaseline,10,MAX,296,390.93833532592964
XGBBaseline,10,MAX,345,384.7992735152583
XGBBaseline,10,MAX,393,380.44762623738427
XGBBaseline,10,MAX,441,377.6787848310435
XGBBaseline,10,MAX,489,375.1383657798537
XGBBaseline,10,MAX,538,373.61872757001134
XGBBaseline,10,MAX,586,372.4164654429553
XGBBaseline,10,MAX,634,371.5632368765549
XGBBaseline,10,MAX,682,371.1006908786478
XGBBaseline,10,MAX,730,370.72802962421497
XGBBaseline,10,MAX,779,370.7700407794039
XGBBaseline,10,MAX,827,370.35429008610527
XGBBaseline,10,MAX,875,370.2353540298127
XGBBaseline,10,MAX,923,370.0369115328761
XGBBaseline,10,MAX,972,369.90307844637414
XGBBaseline,10,MAX,1020,369.8604373416329
XGBBaseline,10,MAX,1068,369.79670460674805
XGBBaseline,10,MAX,1116,369.7002963608006
XGBBaseline,10,MAX,1165,369.65316033782364
XGBBaseline,10,MIN,13,1567.9448991901954
XGBBaseline,10,MIN,61,671.935843693721
XGBBaseline,10,MIN,109,400.6436391687083
XGBBaseline,10,MIN,158,285.7884323751758
XGBBaseline,10,MIN,206,234.99796885569813
XGBBaseline,10,MIN,254,206.07453470448897
XGBBaseline,10,MIN,302,188.4546143468386
XGBBaseline,10,MIN,350,176.77802584849945
XGBBaseline,10,MIN,399,168.7003487571945
XGBBaseline,10,MIN,447,164.00653517306884
XGBBaseline,10,MIN,495,161.04119666953466
XGBBaseline,10,MIN,543,158.7266465383167
XGBBaseline,10,MIN,592,157.18583818706443
XGBBaseline,10,MIN,640,156.16290549970017
XGBBaseline,10,MIN,688,155.30323915972767
XGBBaseline,10,MIN,736,154.74362331956067
XGBBaseline,10,MIN,785,154.29850666104207
XGBBaseline,10,MIN,833,154.06144947665854
XGBBaseline,10,MIN,881,153.80155764227382
XGBBaseline,10,MIN,929,153.84371771777998
XGBBaseline,10,MIN,978,153.5977843552813
XGBBaseline,10,MIN,1026,153.3948554630793
XGBBaseline,10,MIN,1074,153.28729230815654
XGBBaseline,10,MIN,1122,153.23188608027968
XGBBaseline,10,MIN,1170,153.18961287925478
XGBBaseline,10,Deposition_Rate,19,1720.550813985955
XGBBaseline,10,Deposition_Rate,67,722.0904395017093
XGBBaseline,10,Deposition_Rate,115,401.0579690475733
XGBBaseline,10,Deposition_Rate,163,292.59416412468744
XGBBaseline,10,Deposition_Rate,212,237.31092488891366
XGBBaseline,10,Deposition_Rate,260,198.5702235403329
XGBBaseline,10,Deposition_Rate,308,170.2597406645395
XGBBaseline,10,Deposition_Rate,356,144.1283621138893
XGBBaseline,10,Deposition_Rate,405,126.27140510789685
XGBBaseline,10,Deposition_Rate,453,112.72830500318676
XGBBaseline,10,Deposition_Rate,501,100.28180377510647
XGBBaseline,10,Deposition_Rate,549,91.67970437891431
XGBBaseline,10,Deposition_Rate,598,85.9008002560448
XGBBaseline,10,Deposition_Rate,646,80.79032619631509
XGBBaseline,10,Deposition_Rate,694,76.9859548047687
XGBBaseline,10,Deposition_Rate,742,73.74643436604482
XGBBaseline,10,Deposition_Rate,790,71.67171597191596
XGBBaseline,10,Deposition_Rate,839,70.07250403631542
XGBBaseline,10,Deposition_Rate,887,69.01847406285766
XGBBaseline,10,Deposition_Rate,935,68.21556454781079
XGBBaseline,10,Deposition_Rate,983,67.69653018166167
XGBBaseline,10,Deposition_Rate,1032,67.33166914984385
XGBBaseline,10,Deposition_Rate,1080,67.06717343621835
XGBBaseline,10,Deposition_Rate,1128,66.86721273246923
XGBBaseline,10,Deposition_Rate,1176,66.74990622426904
XGBBaseline,10,Uniformity_Range,25,0.8216444481988582
XGBBaseline,10,Uniformity_Range,73,0.45411298661662197
XGBBaseline,10,Uniformity_Range,121,0.31232568829439417
XGBBaseline,10,Uniformity_Range,169,0.2388065706703692
XGBBaseline,10,Uniformity_Range,218,0.19843155425764664
XGBBaseline,10,Uniformity_Range,266,0.1717901817126952
XGBBaseline,10,Uniformity_Range,314,0.14912883575794048
XGBBaseline,10,Uniformity_Range,362,0.13298357362532867
XGBBaseline,10,Uniformity_Range,411,0.12079097773800622
XGBBaseline,10,Uniformity_Range,459,0.11216346849098927
XGBBaseline,10,Uniformity_Range,507,0.10385636928521118
XGBBaseline,10,Uniformity_Range,555,0.09812561722608454
XGBBaseline,10,Uniformity_Range,603,0.09137273310987296
XGBBaseline,10,Uniformity_Range,652,0.08638032978091953
XGBBaseline,10,Uniformity_Range,700,0.0828157812541867
XGBBaseline,10,Uniformity_Range,748,0.07939484656286581
XGBBaseline,10,Uniformity_Range,796,0.07612144723049642
XGBBaseline,10,Uniformity_Range,845,0.07334246752962037
XGBBaseline,10,Uniformity_Range,893,0.07136918758684525
XGBBaseline,10,Uniformity_Range,941,0.06911620399076049
XGBBaseline,10,Uniformity_Range,989,0.06736267459139952
XGBBaseline,10,Uniformity_Range,1038,0.06588024579019759
XGBBaseline,10,Uniformity_Range,1086,0.06439006325465384
XGBBaseline,10,Uniformity_Range,1134,0.06293059879162821
XGBBaseline,10,Uniformity_Range,1182,0.0616106131568837
XGBBaseline,10,Uniformity_1sigma,31,0.4196866393839869
XGBBaseline,10,Uniformity_1sigma,79,0.250531551849242
XGBBaseline,10,Uniformity_1sigma,127,0.17963521749541048
XGBBaseline,10,Uniformity_1sigma,175,0.14263216033162063
XGBBaseline,10,Uniformity_1sigma,223,0.12207446243453238
XGBBaseline,10,Uniformity_1sigma,272,0.10744937004069069
XGBBaseline,10,Uniformity_1sigma,320,0.09622753318212258
XGBBaseline,10,Uniformity_1sigma,368,0.08658249202612327
XGBBaseline,10,Uniformity_1sigma,416,0.07949765281686916
XGBBaseline,10,Uniformity_1sigma,465,0.07298497365533096
XGBBaseline,10,Uniformity_1sigma,513,0.0674330428874049
XGBBaseline,10,Uniformity_1sigma,561,0.06336727517727653
XGBBaseline,10,Uniformity_1sigma,609,0.05976694133745339
XGBBaseline,10,Uniformity_1sigma,658,0.0564763295520642
XGBBaseline,10,Uniformity_1sigma,706,0.05346826006539295
XGBBaseline,10,Uniformity_1sigma,754,0.05104093282274697
XGBBaseline,10,Uniformity_1sigma,802,0.04933042598637412
XGBBaseline,10,Uniformity_1sigma,851,0.04716753210831455
XGBBaseline,10,Uniformity_1sigma,899,0.04530876325006788
XGBBaseline,10,Uniformity_1sigma,947,0.04371494655825372
XGBBaseline,10,Uniformity_1sigma,995,0.04232937614837004
XGBBaseline,10,Uniformity_1sigma,1043,0.04092483321287999
XGBBaseline,10,Uniformity_1sigma,1092,0.03974809110852327
XGBBaseline,10,Uniformity_1sigma,1140,0.03868987898248567
XGBBaseline,10,Uniformity_1sigma,1188,0.03800216074531051
XGBBaseline,10,RI,36,0.00504756775325573
XGBBaseline,10,RI,85,0.0046076040709919
XGBBaseline,10,RI,133,0.00445909693660095
XGBBaseline,10,RI,181,0.00436614543490167
XGBBaseline,10,RI,229,0.00430717669963935
XGBBaseline,10,RI,278,0.00428601623020752
XGBBaseline,10,RI,326,0.00426824030101356
XGBBaseline,10,RI,374,0.00426348366047669
XGBBaseline,10,RI,422,0.00424987972750733
XGBBaseline,10,RI,471,0.00423518032706347
XGBBaseline,10,RI,519,0.00423518032706347
XGBBaseline,10,RI,567,0.00422942589494793
XGBBaseline,10,RI,615,0.00422822515002599
XGBBaseline,10,RI,663,0.00422376094774666
XGBBaseline,10,RI,712,0.00422376094774666
XGBBaseline,10,RI,760,0.00422376094774666
XGBBaseline,10,RI,808,0.00422376094774666
XGBBaseline,10,RI,856,0.00422376094774666
XGBBaseline,10,RI,905,0.00421394160008804
XGBBaseline,10,RI,953,0.00421394160008804
XGBBaseline,10,RI,1001,0.00421394160008804
XGBBaseline,10,RI,1049,0.00421283141390878
XGBBaseline,10,RI,1098,0.00421283141390878
XGBBaseline,10,RI,1146,0.0042120338854319
XGBBaseline,10,RI,1194,0.00420731211733167
XGBBaseline,10,Stress,42,47.60620878357988
XGBBaseline,10,Stress,91,31.756311013681405
XGBBaseline,10,Stress,139,24.114343615810512
XGBBaseline,10,Stress,187,19.495072750835725
XGBBaseline,10,Stress,235,16.53147045279434
XGBBaseline,10,Stress,284,14.400486628364874
XGBBaseline,10,Stress,332,12.80501864725185
XGBBaseline,10,Stress,380,11.576027202635563
XGBBaseline,10,Stress,428,10.526683656067322
XGBBaseline,10,Stress,476,9.675650937439137
XGBBaseline,10,Stress,525,8.988746916427894
XGBBaseline,10,Stress,573,8.38917459089941
XGBBaseline,10,Stress,621,7.948032404656323
XGBBaseline,10,Stress,669,7.576683988425716
XGBBaseline,10,Stress,718,7.305720468984757
XGBBaseline,10,Stress,766,7.07598544586787
XGBBaseline,10,Stress,814,6.883604625954289
XGBBaseline,10,Stress,862,6.720965443517515
XGBBaseline,10,Stress,911,6.57489544528293
XGBBaseline,10,Stress,959,6.451931897482146
XGBBaseline,10,Stress,1007,6.3600579484276345
XGBBaseline,10,Stress,1055,6.277766130127405
XGBBaseline,10,Stress,1104,6.215907754827315
XGBBaseline,10,Stress,1152,6.161449865720153
XGBBaseline,10,Stress,1200,6.116923057729002
